datetime,open
2013-01-02 09:00:00,1820.0
2013-01-03 09:00:00,1830.0
2013-01-04 09:00:00,1840.0
2013-01-07 09:00:00,1810.0
2013-01-08 09:00:00,1840.0
2013-01-09 09:00:00,1840.0
2013-01-10 09:00:00,1810.0
2013-01-11 09:00:00,1780.0
2013-01-14 09:00:00,1790.0
2013-01-15 09:00:00,1830.0
2013-01-16 09:00:00,1810.0
2013-01-17 09:00:00,1840.0
2013-01-18 09:00:00,1820.0
2013-01-21 09:00:00,1900.0
2013-01-22 09:00:00,1840.0
2013-01-23 09:00:00,1860.0
2013-01-25 09:00:00,1860.0
2013-01-28 09:00:00,1860.0
2013-01-29 09:00:00,1880.0
2013-01-30 09:00:00,1900.0
2013-01-31 09:00:00,1900.0
2013-02-01 09:00:00,1930.0
2013-02-04 09:00:00,1990.0
2013-02-05 09:00:00,2000.0
2013-02-06 09:00:00,2000.0
2013-02-07 09:00:00,1980.0
2013-02-08 09:00:00,2020.0
2013-02-11 09:00:00,2020.0
2013-02-12 09:00:00,2030.0
2013-02-13 09:00:00,2000.0
2013-02-14 09:00:00,2000.0
2013-02-15 09:00:00,2000.0
2013-02-18 09:00:00,2010.0
2013-02-19 09:00:00,2040.0
2013-02-20 09:00:00,2060.0
2013-02-21 09:00:00,2040.0
2013-02-22 09:00:00,2070.0
2013-02-25 09:00:00,2130.0
2013-02-26 09:00:00,2200.0
2013-02-27 09:00:00,2160.0
2013-02-28 09:00:00,2150.0
2013-03-01 09:00:00,2180.0
2013-03-04 09:00:00,2150.0
2013-03-05 09:00:00,2160.0
2013-03-06 09:00:00,2120.0
2013-03-07 09:00:00,2140.0
2013-03-08 09:00:00,2160.0
2013-03-11 09:00:00,2160.0
2013-03-13 09:00:00,2130.0
2013-03-14 09:00:00,2140.0
2013-03-15 09:00:00,2140.0
2013-03-18 09:00:00,2130.0
2013-03-19 09:00:00,2140.0
2013-03-20 09:00:00,2160.0
2013-03-21 09:00:00,2180.0
2013-03-22 09:00:00,2140.0
2013-03-25 09:00:00,2100.0
2013-03-26 09:00:00,2170.0
2013-03-27 09:00:00,2140.0
2013-03-28 09:00:00,2220.0
2013-04-01 09:00:00,2200.0
2013-04-02 09:00:00,2240.0
2013-04-03 09:00:00,2240.0
2013-04-04 09:00:00,2240.0
2013-04-05 09:00:00,2190.0
2013-04-08 09:00:00,2200.0
2013-04-09 09:00:00,2160.0
2013-04-10 09:00:00,2140.0
2013-04-11 09:00:00,2130.0
2013-04-12 09:00:00,2170.0
2013-04-15 09:00:00,2160.0
2013-04-16 09:00:00,2130.0
2013-04-17 09:00:00,2170.0
2013-04-18 09:00:00,2180.0
2013-04-19 09:00:00,2210.0
2013-04-22 09:00:00,2200.0
2013-04-23 09:00:00,2160.0
2013-04-24 09:00:00,2160.0
2013-04-25 09:00:00,2190.0
2013-04-26 09:00:00,2220.0
2013-04-29 09:00:00,2180.0
2013-04-30 09:00:00,2190.0
2013-05-01 09:00:00,2140.0
2013-05-02 09:00:00,2140.0
2013-05-03 09:00:00,2150.0
2013-05-06 09:00:00,2160.0
2013-05-07 09:00:00,2200.0
2013-05-08 09:00:00,2200.0
2013-05-10 09:00:00,2200.0
2013-05-13 09:00:00,2200.0
2013-05-14 09:00:00,2220.0
2013-05-15 09:00:00,2210.0
2013-05-16 09:00:00,2190.0
2013-05-17 09:00:00,2160.0
2013-05-20 09:00:00,2210.0
2013-05-21 09:00:00,2200.0
2013-05-22 09:00:00,2200.0
2013-05-23 09:00:00,2200.0
2013-05-24 09:00:00,2190.0
2013-05-27 09:00:00,2200.0
2013-05-28 09:00:00,2130.0
2013-05-29 09:00:00,2170.0
2013-05-30 09:00:00,2170.0
2013-05-31 09:00:00,2160.0
2013-06-03 09:00:00,2070.0
2013-06-04 09:00:00,1980.0
2013-06-05 09:00:00,2020.0
2013-06-07 09:00:00,2000.0
2013-06-10 09:00:00,1940.0
2013-06-11 09:00:00,1870.0
2013-06-12 09:00:00,1830.0
2013-06-13 09:00:00,1840.0
2013-06-14 09:00:00,1910.0
2013-06-17 09:00:00,1960.0
2013-06-18 09:00:00,2020.0
2013-06-19 09:00:00,2010.0
2013-06-20 09:00:00,1930.0
2013-06-21 09:00:00,1850.0
2013-06-24 09:00:00,1850.0
2013-06-25 09:00:00,1850.0
2013-06-26 09:00:00,1830.0
2013-06-27 09:00:00,1890.0
2013-06-28 09:00:00,1920.0
2013-07-01 09:00:00,1990.0
2013-07-02 09:00:00,2000.0
2013-07-03 09:00:00,1980.0
2013-07-04 09:00:00,1900.0
2013-07-05 09:00:00,1940.0
2013-07-08 09:00:00,1900.0
2013-07-09 09:00:00,1860.0
2013-07-10 09:00:00,1840.0
2013-07-11 09:00:00,1920.0
2013-07-12 09:00:00,1980.0
2013-07-15 09:00:00,2040.0
2013-07-16 09:00:00,2040.0
2013-07-17 09:00:00,2030.0
2013-07-18 09:00:00,2040.0
2013-07-19 09:00:00,2030.0
2013-07-22 09:00:00,2050.0
2013-07-23 09:00:00,2030.0
2013-07-24 09:00:00,2070.0
2013-07-25 09:00:00,2070.0
2013-07-26 09:00:00,2040.0
2013-07-29 09:00:00,2040.0
2013-07-30 09:00:00,2060.0
2013-07-31 09:00:00,2080.0
2013-08-01 09:00:00,2080.0
2013-08-02 09:00:00,2100.0
2013-08-12 09:00:00,2100.0
2013-08-13 09:00:00,2040.0
2013-08-14 09:00:00,2110.0
2013-08-15 09:00:00,2180.0
2013-08-16 09:00:00,2120.0
2013-08-19 09:00:00,2070.0
2013-08-20 09:00:00,1900.0
2013-08-21 09:00:00,1900.0
2013-08-22 09:00:00,1860.0
2013-08-23 09:00:00,1900.0
2013-08-26 09:00:00,1840.0
2013-08-27 09:00:00,1800.0
2013-08-28 09:00:00,1740.0
2013-08-29 09:00:00,1800.0
2013-08-30 09:00:00,1780.0
2013-09-02 09:00:00,1820.0
2013-09-03 09:00:00,1810.0
2013-09-04 09:00:00,1770.0
2013-09-05 09:00:00,1740.0
2013-09-06 09:00:00,1740.0
2013-09-09 09:00:00,1770.0
2013-09-10 09:00:00,1890.0
2013-09-11 09:00:00,1960.0
2013-09-12 09:00:00,1930.0
2013-09-13 09:00:00,1970.0
2013-09-16 09:00:00,2010.0
2013-09-17 09:00:00,2010.0
2013-09-18 09:00:00,2000.0
2013-09-19 09:00:00,2120.0
2013-09-20 09:00:00,2150.0
2013-09-23 09:00:00,2010.0
2013-09-24 09:00:00,2130.0
2013-09-25 09:00:00,2060.0
2013-09-26 09:00:00,2090.0
2013-09-27 09:00:00,2090.0
2013-09-30 09:00:00,2070.0
2013-10-01 09:00:00,1950.0
2013-10-02 09:00:00,2000.0
2013-10-03 09:00:00,2060.0
2013-10-04 09:00:00,2060.0
2013-10-07 09:00:00,2090.0
2013-10-08 09:00:00,2050.0
2013-10-09 09:00:00,2060.0
2013-10-10 09:00:00,2070.0
2013-10-11 09:00:00,2140.0
2013-10-16 09:00:00,2140.0
2013-10-17 09:00:00,2110.0
2013-10-18 09:00:00,2110.0
2013-10-21 09:00:00,2100.0
2013-10-22 09:00:00,2110.0
2013-10-23 09:00:00,2110.0
2013-10-24 09:00:00,2100.0
2013-10-25 09:00:00,2110.0
2013-10-28 09:00:00,2150.0
2013-10-29 09:00:00,2110.0
2013-10-30 09:00:00,2080.0
2013-10-31 09:00:00,2090.0
2013-11-01 09:00:00,2050.0
2013-11-04 09:00:00,2060.0
2013-11-06 09:00:00,2070.0
2013-11-07 09:00:00,2090.0
2013-11-08 09:00:00,2090.0
2013-11-11 09:00:00,2080.0
2013-11-12 09:00:00,2050.0
2013-11-13 09:00:00,2000.0
2013-11-14 09:00:00,1990.0
2013-11-15 09:00:00,2020.0
2013-11-18 09:00:00,2050.0
2013-11-19 09:00:00,2060.0
2013-11-20 09:00:00,2040.0
2013-11-21 09:00:00,1980.0
2013-11-22 09:00:00,2000.0
2013-11-25 09:00:00,2040.0
2013-11-26 09:00:00,2000.0
2013-11-27 09:00:00,1940.0
2013-11-28 09:00:00,1950.0
2013-11-29 09:00:00,1940.0
2013-12-02 09:00:00,1930.0
2013-12-03 09:00:00,1960.0
2013-12-04 09:00:00,1960.0
2013-12-05 09:00:00,1930.0
2013-12-06 09:00:00,1900.0
2013-12-09 09:00:00,1920.0
2013-12-10 09:00:00,1860.0
2013-12-11 09:00:00,1930.0
2013-12-12 09:00:00,1960.0
2013-12-13 09:00:00,1910.0
2013-12-16 09:00:00,1910.0
2013-12-17 09:00:00,1870.0
2013-12-18 09:00:00,1900.0
2013-12-19 09:00:00,1920.0
2013-12-20 09:00:00,1910.0
2013-12-23 09:00:00,1870.0
2013-12-24 09:00:00,1900.0
2013-12-27 09:00:00,1910.0
2013-12-30 09:00:00,1910.0
2014-01-02 09:00:00,1940.0
2014-01-03 09:00:00,1940.0
2014-01-06 09:00:00,1880.0
2014-01-07 09:00:00,1870.0
2014-01-08 09:00:00,1880.0
2014-01-09 09:00:00,1860.0
2014-01-10 09:00:00,1880.0
2014-01-13 09:00:00,1890.0
2014-01-15 09:00:00,1970.0
2014-01-16 09:00:00,2010.0
2014-01-17 09:00:00,2000.0
2014-01-20 09:00:00,2000.0
2014-01-21 09:00:00,1955.0
2014-01-22 09:00:00,1965.0
2014-01-23 09:00:00,2000.0
2014-01-24 09:00:00,2020.0
2014-01-27 09:00:00,1990.0
2014-01-28 09:00:00,1960.0
2014-01-29 09:00:00,2010.0
2014-01-30 09:00:00,1970.0
2014-02-03 09:00:00,1980.0
2014-02-04 09:00:00,1950.0
2014-02-05 09:00:00,1980.0
2014-02-06 09:00:00,1975.0
2014-02-07 09:00:00,2050.0
2014-02-10 09:00:00,2060.0
2014-02-11 09:00:00,2020.0
2014-02-12 09:00:00,2050.0
2014-02-13 09:00:00,2070.0
2014-02-14 09:00:00,2080.0
2014-02-17 09:00:00,2095.0
2014-02-18 09:00:00,2095.0
2014-02-19 09:00:00,2080.0
2014-02-20 09:00:00,2045.0
2014-02-21 09:00:00,2100.0
2014-02-24 09:00:00,2095.0
2014-02-25 09:00:00,2080.0
2014-02-26 09:00:00,2080.0
2014-02-27 09:00:00,2055.0
2014-02-28 09:00:00,2060.0
2014-03-03 09:00:00,2040.0
2014-03-04 09:00:00,2050.0
2014-03-05 09:00:00,2105.0
2014-03-06 09:00:00,2120.0
2014-03-07 09:00:00,2120.0
2014-03-10 09:00:00,2120.0
2014-03-11 09:00:00,2095.0
2014-03-12 09:00:00,2075.0
2014-03-13 09:00:00,2090.0
2014-03-14 09:00:00,2065.0
2014-03-17 09:00:00,2215.0
2014-03-18 09:00:00,2200.0
2014-03-19 09:00:00,2160.0
2014-03-20 09:00:00,2120.0
2014-03-21 09:00:00,2085.0
2014-03-24 09:00:00,2065.0
2014-03-25 09:00:00,2065.0
2014-03-26 09:00:00,2075.0
2014-03-27 09:00:00,2090.0
2014-03-28 09:00:00,2100.0
2014-04-01 09:00:00,2140.0
2014-04-02 09:00:00,2190.0
2014-04-03 09:00:00,2190.0
2014-04-04 09:00:00,2205.0
2014-04-07 09:00:00,2180.0
2014-04-08 09:00:00,2175.0
2014-04-10 09:00:00,2085.0
2014-04-11 09:00:00,2160.0
2014-04-14 09:00:00,2210.0
2014-04-15 09:00:00,2205.0
2014-04-16 09:00:00,2210.0
2014-04-17 09:00:00,2220.0
2014-04-21 09:00:00,2240.0
2014-04-22 09:00:00,2190.0
2014-04-23 09:00:00,2180.0
2014-04-24 09:00:00,2210.0
2014-04-25 09:00:00,2200.0
2014-04-28 09:00:00,2205.0
2014-04-29 09:00:00,2180.0
2014-04-30 09:00:00,2200.0
2014-05-02 09:00:00,2220.0
2014-05-05 09:00:00,2195.0
2014-05-06 09:00:00,2200.0
2014-05-07 09:00:00,2200.0
2014-05-08 09:00:00,2235.0
2014-05-09 09:00:00,2190.0
2014-05-12 09:00:00,2240.0
2014-05-13 09:00:00,2240.0
2014-05-14 09:00:00,2260.0
2014-05-16 09:00:00,2225.0
2014-05-19 09:00:00,2280.0
2014-05-20 09:00:00,2275.0
2014-05-21 09:00:00,2240.0
2014-05-22 09:00:00,2255.0
2014-05-23 09:00:00,2265.0
2014-05-26 09:00:00,2275.0
2014-05-28 09:00:00,2250.0
2014-05-30 09:00:00,2260.0
2014-06-02 09:00:00,2200.0
2014-06-03 09:00:00,2230.0
2014-06-04 09:00:00,2220.0
2014-06-05 09:00:00,2200.0
2014-06-06 09:00:00,2205.0
2014-06-09 09:00:00,2210.0
2014-06-10 09:00:00,2215.0
2014-06-11 09:00:00,2220.0
2014-06-12 09:00:00,2250.0
2014-06-13 09:00:00,2245.0
2014-06-16 09:00:00,2220.0
2014-06-17 09:00:00,2180.0
2014-06-18 09:00:00,2205.0
2014-06-19 09:00:00,2200.0
2014-06-20 09:00:00,2210.0
2014-06-23 09:00:00,2200.0
2014-06-24 09:00:00,2205.0
2014-06-25 09:00:00,2200.0
2014-06-26 09:00:00,2180.0
2014-06-27 09:00:00,2170.0
2014-06-30 09:00:00,2165.0
2014-07-01 09:00:00,2175.0
2014-07-02 09:00:00,2200.0
2014-07-03 09:00:00,2215.0
2014-07-04 09:00:00,2200.0
2014-07-07 09:00:00,2240.0
2014-07-08 09:00:00,2245.0
2014-07-10 09:00:00,2310.0
2014-07-11 09:00:00,2290.0
2014-07-14 09:00:00,2275.0
2014-07-15 09:00:00,2270.0
2014-07-16 09:00:00,2300.0
2014-07-17 09:00:00,2360.0
2014-07-18 09:00:00,2320.0
2014-07-21 09:00:00,2330.0
2014-07-22 09:00:00,2350.0
2014-07-23 09:00:00,2335.0
2014-07-24 09:00:00,2335.0
2014-07-25 09:00:00,2325.0
2014-08-04 09:00:00,2345.0
2014-08-05 09:00:00,2350.0
2014-08-06 09:00:00,2315.0
2014-08-07 09:00:00,2340.0
2014-08-08 09:00:00,2335.0
2014-08-11 09:00:00,2365.0
2014-08-12 09:00:00,2360.0
2014-08-13 09:00:00,2350.0
2014-08-14 09:00:00,2360.0
2014-08-15 09:00:00,2360.0
2014-08-18 09:00:00,2350.0
2014-08-19 09:00:00,2370.0
2014-08-20 09:00:00,2340.0
2014-08-21 09:00:00,2345.0
2014-08-22 09:00:00,2360.0
2014-08-25 09:00:00,2360.0
2014-08-26 09:00:00,2360.0
2014-08-27 09:00:00,2335.0
2014-08-28 09:00:00,2345.0
2014-08-29 09:00:00,2345.0
2014-09-01 09:00:00,2340.0
2014-09-02 09:00:00,2345.0
2014-09-03 09:00:00,2345.0
2014-09-04 09:00:00,2355.0
2014-09-05 09:00:00,2360.0
2014-09-08 09:00:00,2470.0
2014-09-09 09:00:00,2470.0
2014-09-10 09:00:00,2510.0
2014-09-11 09:00:00,2440.0
2014-09-12 09:00:00,2410.0
2014-09-15 09:00:00,2385.0
2014-09-16 09:00:00,2390.0
2014-09-17 09:00:00,2405.0
2014-09-18 09:00:00,2450.0
2014-09-19 09:00:00,2500.0
2014-09-22 09:00:00,2510.0
2014-09-23 09:00:00,2555.0
2014-09-24 09:00:00,2520.0
2014-09-25 09:00:00,2505.0
2014-09-26 09:00:00,2530.0
2014-09-29 09:00:00,2560.0
2014-09-30 09:00:00,2565.0
2014-10-01 09:00:00,2715.0
2014-10-02 09:00:00,2570.0
2014-10-03 09:00:00,2480.0
2014-10-06 09:00:00,2415.0
2014-10-07 09:00:00,2500.0
2014-10-08 09:00:00,2460.0
2014-10-09 09:00:00,2540.0
2014-10-10 09:00:00,2520.0
2014-10-13 09:00:00,2540.0
2014-10-14 09:00:00,2500.0
2014-10-15 09:00:00,2555.0
2014-10-16 09:00:00,2520.0
2014-10-17 09:00:00,2520.0
2014-10-20 09:00:00,2560.0
2014-10-21 09:00:00,2550.0
2014-10-22 09:00:00,2565.0
2014-10-23 09:00:00,2635.0
2014-10-24 09:00:00,2700.0
2014-10-27 09:00:00,2685.0
2014-10-28 09:00:00,2680.0
2014-10-29 09:00:00,2665.0
2014-10-30 09:00:00,2620.0
2014-10-31 09:00:00,2640.0
2014-11-03 09:00:00,2630.0
2014-11-04 09:00:00,2585.0
2014-11-05 09:00:00,2615.0
2014-11-06 09:00:00,2600.0
2014-11-07 09:00:00,2570.0
2014-11-10 09:00:00,2540.0
2014-11-11 09:00:00,2520.0
2014-11-12 09:00:00,2570.0
2014-11-13 09:00:00,2575.0
2014-11-14 09:00:00,2600.0
2014-11-17 09:00:00,2595.0
2014-11-18 09:00:00,2610.0
2014-11-19 09:00:00,2635.0
2014-11-20 09:00:00,2665.0
2014-11-21 09:00:00,2665.0
2014-11-24 09:00:00,2660.0
2014-11-25 09:00:00,2660.0
2014-11-26 09:00:00,2650.0
2014-11-27 09:00:00,2660.0
2014-11-28 09:00:00,2605.0
2014-12-01 09:00:00,2640.0
2014-12-02 09:00:00,2615.0
2014-12-03 09:00:00,2645.0
2014-12-04 09:00:00,2670.0
2014-12-05 09:00:00,2660.0
2014-12-08 09:00:00,2655.0
2014-12-09 09:00:00,2660.0
2014-12-10 09:00:00,2630.0
2014-12-11 09:00:00,2660.0
2014-12-12 09:00:00,2640.0
2014-12-15 09:00:00,2600.0
2014-12-16 09:00:00,2590.0
2014-12-17 09:00:00,2600.0
2014-12-18 09:00:00,2600.0
2014-12-19 09:00:00,2630.0
2014-12-22 09:00:00,2650.0
2014-12-23 09:00:00,2640.0
2014-12-24 09:00:00,2650.0
2014-12-29 09:00:00,2630.0
2014-12-30 09:00:00,2615.0
2015-01-02 09:00:00,2655.0
2015-01-05 09:00:00,2630.0
2015-01-06 09:00:00,2600.0
2015-01-07 09:00:00,2610.0
2015-01-08 09:00:00,2625.0
2015-01-09 09:00:00,2605.0
2015-01-12 09:00:00,2585.0
2015-01-13 09:00:00,2610.0
2015-01-14 09:00:00,2605.0
2015-01-15 09:00:00,2605.0
2015-01-16 09:00:00,2605.0
2015-01-19 09:00:00,2595.0
2015-01-20 09:00:00,2595.0
2015-01-21 09:00:00,2610.0
2015-01-22 09:00:00,2610.0
2015-01-23 09:00:00,2645.0
2015-01-26 09:00:00,2665.0
2015-01-27 09:00:00,2630.0
2015-01-28 09:00:00,2635.0
2015-01-29 09:00:00,2650.0
2015-01-30 09:00:00,2680.0
2015-02-02 09:00:00,2670.0
2015-02-03 09:00:00,2675.0
2015-02-04 09:00:00,2705.0
2015-02-05 09:00:00,2780.0
2015-02-06 09:00:00,2755.0
2015-02-09 09:00:00,2700.0
2015-02-10 09:00:00,2775.0
2015-02-11 09:00:00,2755.0
2015-02-12 09:00:00,2785.0
2015-02-13 09:00:00,2800.0
2015-02-16 09:00:00,2810.0
2015-02-17 09:00:00,2800.0
2015-02-18 09:00:00,2840.0
2015-02-20 09:00:00,2860.0
2015-02-23 09:00:00,2815.0
2015-02-24 09:00:00,2810.0
2015-02-25 09:00:00,2800.0
2015-02-26 09:00:00,2795.0
2015-02-27 09:00:00,2800.0
2015-03-02 09:00:00,2830.0
2015-03-03 09:00:00,2870.0
2015-03-04 09:00:00,2900.0
2015-03-05 09:00:00,2895.0
2015-03-06 09:00:00,2900.0
2015-03-09 09:00:00,2880.0
2015-03-10 09:00:00,2880.0
2015-03-11 09:00:00,2850.0
2015-03-12 09:00:00,2845.0
2015-03-13 09:00:00,2840.0
2015-03-16 09:00:00,2805.0
2015-03-17 09:00:00,2855.0
2015-03-18 09:00:00,2820.0
2015-03-19 09:00:00,2860.0
2015-03-20 09:00:00,2835.0
2015-03-23 09:00:00,2880.0
2015-03-24 09:00:00,2910.0
2015-03-25 09:00:00,2910.0
2015-03-26 09:00:00,2900.0
2015-03-27 09:00:00,2895.0
2015-03-30 09:00:00,2890.0
2015-03-31 09:00:00,2960.0
2015-04-01 09:00:00,2975.0
2015-04-02 09:00:00,2985.0
2015-04-06 09:00:00,2960.0
2015-04-07 09:00:00,3095.0
2015-04-08 09:00:00,3015.0
2015-04-09 09:00:00,3015.0
2015-04-10 09:00:00,3040.0
2015-04-13 09:00:00,3010.0
2015-04-14 09:00:00,3000.0
2015-04-15 09:00:00,2980.0
2015-04-16 09:00:00,2960.0
2015-04-17 09:00:00,2980.0
2015-04-20 09:00:00,2940.0
2015-04-21 09:00:00,2945.0
2015-04-22 09:00:00,2990.0
2015-04-23 09:00:00,2990.0
2015-04-24 09:00:00,2980.0
2015-04-27 09:00:00,2960.0
2015-04-28 09:00:00,2820.0
2015-04-29 09:00:00,2800.0
2015-04-30 09:00:00,2660.0
2015-05-04 09:00:00,2695.0
2015-05-05 09:00:00,2750.0
2015-05-06 09:00:00,2750.0
2015-05-07 09:00:00,2720.0
2015-05-08 09:00:00,2750.0
2015-05-11 09:00:00,2760.0
2015-05-12 09:00:00,2725.0
2015-05-13 09:00:00,2730.0
2015-05-15 09:00:00,2745.0
2015-05-18 09:00:00,2720.0
2015-05-19 09:00:00,2725.0
2015-05-20 09:00:00,2755.0
2015-05-21 09:00:00,2790.0
2015-05-22 09:00:00,2850.0
2015-05-25 09:00:00,2870.0
2015-05-26 09:00:00,2840.0
2015-05-27 09:00:00,2870.0
2015-05-28 09:00:00,2820.0
2015-05-29 09:00:00,2845.0
2015-06-01 09:00:00,2800.0
2015-06-03 09:00:00,2800.0
2015-06-04 09:00:00,2700.0
2015-06-05 09:00:00,2690.0
2015-06-08 09:00:00,2700.0
2015-06-09 09:00:00,2680.0
2015-06-10 09:00:00,2660.0
2015-06-11 09:00:00,2680.0
2015-06-12 09:00:00,2635.0
2015-06-15 09:00:00,2660.0
2015-06-16 09:00:00,2655.0
2015-06-17 09:00:00,2700.0
2015-06-18 09:00:00,2740.0
2015-06-19 09:00:00,2725.0
2015-06-22 09:00:00,2740.0
2015-06-23 09:00:00,2745.0
2015-06-24 09:00:00,2730.0
2015-06-25 09:00:00,2725.0
2015-06-26 09:00:00,2690.0
2015-06-29 09:00:00,2680.0
2015-06-30 09:00:00,2725.0
2015-07-01 09:00:00,2720.0
2015-07-02 09:00:00,2695.0
2015-07-03 09:00:00,2700.0
2015-07-06 09:00:00,2715.0
2015-07-07 09:00:00,2705.0
2015-07-08 09:00:00,2680.0
2015-07-09 09:00:00,2630.0
2015-07-10 09:00:00,2650.0
2015-07-13 09:00:00,2660.0
2015-07-14 09:00:00,2710.0
2015-07-15 09:00:00,2695.0
2015-07-22 09:00:00,2715.0
2015-07-23 09:00:00,2720.0
2015-07-24 09:00:00,2755.0
2015-07-27 09:00:00,2700.0
2015-07-28 09:00:00,2640.0
2015-07-29 09:00:00,2600.0
2015-07-30 09:00:00,2575.0
2015-07-31 09:00:00,2590.0
2015-08-03 09:00:00,2585.0
2015-08-04 09:00:00,2660.0
2015-08-05 09:00:00,2660.0
2015-08-06 09:00:00,2740.0
2015-08-07 09:00:00,2740.0
2015-08-10 09:00:00,2730.0
2015-08-11 09:00:00,2770.0
2015-08-12 09:00:00,2640.0
2015-08-13 09:00:00,2570.0
2015-08-14 09:00:00,2650.0
2015-08-18 09:00:00,2650.0
2015-08-19 09:00:00,2570.0
2015-08-20 09:00:00,2540.0
2015-08-21 09:00:00,2420.0
2015-08-24 09:00:00,2280.0
2015-08-25 09:00:00,2300.0
2015-08-26 09:00:00,2325.0
2015-08-27 09:00:00,2430.0
2015-08-28 09:00:00,2570.0
2015-08-31 09:00:00,2570.0
2015-09-01 09:00:00,2570.0
2015-09-02 09:00:00,2440.0
2015-09-03 09:00:00,2485.0
2015-09-04 09:00:00,2455.0
2015-09-07 09:00:00,2440.0
2015-09-08 09:00:00,2365.0
2015-09-09 09:00:00,2380.0
2015-09-10 09:00:00,2370.0
2015-09-11 09:00:00,2400.0
2015-09-14 09:00:00,2400.0
2015-09-15 09:00:00,2400.0
2015-09-16 09:00:00,2380.0
2015-09-17 09:00:00,2390.0
2015-09-18 09:00:00,2420.0
2015-09-21 09:00:00,2420.0
2015-09-22 09:00:00,2410.0
2015-09-23 09:00:00,2385.0
2015-09-25 09:00:00,2385.0
2015-09-28 09:00:00,2350.0
2015-09-29 09:00:00,2275.0
2015-09-30 09:00:00,2400.0
2015-10-01 09:00:00,2460.0
2015-10-02 09:00:00,2400.0
2015-10-05 09:00:00,2460.0
2015-10-06 09:00:00,2520.0
2015-10-07 09:00:00,2600.0
2015-10-08 09:00:00,2620.0
2015-10-09 09:00:00,2665.0
2015-10-12 09:00:00,2650.0
2015-10-13 09:00:00,2680.0
2015-10-15 09:00:00,2600.0
2015-10-16 09:00:00,2600.0
2015-10-19 09:00:00,2560.0
2015-10-20 09:00:00,2655.0
2015-10-21 09:00:00,2660.0
2015-10-22 09:00:00,2690.0
2015-10-23 09:00:00,2755.0
2015-10-26 09:00:00,2730.0
2015-10-27 09:00:00,2710.0
2015-10-28 09:00:00,2685.0
2015-10-29 09:00:00,2725.0
2015-10-30 09:00:00,2650.0
2015-11-02 09:00:00,2560.0
2015-11-03 09:00:00,2580.0
2015-11-04 09:00:00,2650.0
2015-11-05 09:00:00,2700.0
2015-11-06 09:00:00,2750.0
2015-11-09 09:00:00,2700.0
2015-11-10 09:00:00,2600.0
2015-11-11 09:00:00,2590.0
2015-11-12 09:00:00,2595.0
2015-11-13 09:00:00,2580.0
2015-11-16 09:00:00,2570.0
2015-11-17 09:00:00,2620.0
2015-11-18 09:00:00,2625.0
2015-11-19 09:00:00,2620.0
2015-11-20 09:00:00,2590.0
2015-11-23 09:00:00,2650.0
2015-11-24 09:00:00,2650.0
2015-11-25 09:00:00,2695.0
2015-11-26 09:00:00,2720.0
2015-11-27 09:00:00,2720.0
2015-11-30 09:00:00,2620.0
2015-12-01 09:00:00,2540.0
2015-12-02 09:00:00,2655.0
2015-12-03 09:00:00,2640.0
2015-12-04 09:00:00,2660.0
2015-12-07 09:00:00,2640.0
2015-12-08 09:00:00,2615.0
2015-12-10 09:00:00,2580.0
2015-12-11 09:00:00,2690.0
2015-12-14 09:00:00,2600.0
2015-12-15 09:00:00,2610.0
2015-12-16 09:00:00,2675.0
2015-12-17 09:00:00,2760.0
2015-12-18 09:00:00,2690.0
2015-12-21 09:00:00,2630.0
2015-12-22 09:00:00,2640.0
2015-12-23 09:00:00,2630.0
2015-12-28 09:00:00,2620.0
2015-12-29 09:00:00,2640.0
2015-12-30 09:00:00,2650.0
2016-01-04 09:00:00,2635.0
2016-01-05 09:00:00,2640.0
2016-01-06 09:00:00,2665.0
2016-01-07 09:00:00,2620.0
2016-01-08 09:00:00,2590.0
2016-01-11 09:00:00,2590.0
2016-01-12 09:00:00,2580.0
2016-01-13 09:00:00,2645.0
2016-01-14 09:00:00,2600.0
2016-01-15 09:00:00,2620.0
2016-01-18 09:00:00,2570.0
2016-01-19 09:00:00,2610.0
2016-01-20 09:00:00,2600.0
2016-01-21 09:00:00,2610.0
2016-01-22 09:00:00,2610.0
2016-01-25 09:00:00,2640.0
2016-01-26 09:00:00,2610.0
2016-01-27 09:00:00,2620.0
2016-01-28 09:00:00,2620.0
2016-01-29 09:00:00,2640.0
2016-02-01 09:00:00,2620.0
2016-02-02 09:00:00,2645.0
2016-02-03 09:00:00,2600.0
2016-02-04 09:00:00,2600.0
2016-02-05 09:00:00,2620.0
2016-02-09 09:00:00,2680.0
2016-02-10 09:00:00,2650.0
2016-02-11 09:00:00,2640.0
2016-02-12 09:00:00,2675.0
2016-02-15 09:00:00,2680.0
2016-02-16 09:00:00,2665.0
2016-02-17 09:00:00,2680.0
2016-02-18 09:00:00,2700.0
2016-02-19 09:00:00,2660.0
2016-02-22 09:00:00,2605.0
2016-02-23 09:00:00,2640.0
2016-02-24 09:00:00,2605.0
2016-02-25 09:00:00,2620.0
2016-02-26 09:00:00,2630.0
2016-02-29 09:00:00,2700.0
2016-03-01 09:00:00,2695.0
2016-03-02 09:00:00,2705.0
2016-03-03 09:00:00,2685.0
2016-03-04 09:00:00,2720.0
2016-03-07 09:00:00,2720.0
2016-03-08 09:00:00,2700.0
2016-03-10 09:00:00,2665.0
2016-03-11 09:00:00,2660.0
2016-03-14 09:00:00,2690.0
2016-03-15 09:00:00,2715.0
2016-03-16 09:00:00,2720.0
2016-03-17 09:00:00,2735.0
2016-03-18 09:00:00,2730.0
2016-03-21 09:00:00,2740.0
2016-03-22 09:00:00,2750.0
2016-03-23 09:00:00,2730.0
2016-03-24 09:00:00,2680.0
2016-03-28 09:00:00,2665.0
2016-03-29 09:00:00,2635.0
2016-03-30 09:00:00,2625.0
2016-03-31 09:00:00,2655.0
2016-04-01 09:00:00,2660.0
2016-04-04 09:00:00,2685.0
2016-04-05 09:00:00,2665.0
2016-04-06 09:00:00,2660.0
2016-04-07 09:00:00,2640.0
2016-04-08 09:00:00,2620.0
2016-04-11 09:00:00,2610.0
2016-04-12 09:00:00,2600.0
2016-04-13 09:00:00,2625.0
2016-04-14 09:00:00,2630.0
2016-04-15 09:00:00,2620.0
2016-04-18 09:00:00,2600.0
2016-04-19 09:00:00,2605.0
2016-04-20 09:00:00,2620.0
2016-04-21 09:00:00,2620.0
2016-04-22 09:00:00,2630.0
2016-04-25 09:00:00,2620.0
2016-04-26 09:00:00,2610.0
2016-04-27 09:00:00,2590.0
2016-04-28 09:00:00,2625.0
2016-04-29 09:00:00,2605.0
2016-05-02 09:00:00,2620.0
2016-05-03 09:00:00,2625.0
2016-05-04 09:00:00,2610.0
2016-05-09 09:00:00,2620.0
2016-05-10 09:00:00,2610.0
2016-05-11 09:00:00,2645.0
2016-05-12 09:00:00,2620.0
2016-05-13 09:00:00,2600.0
2016-05-16 09:00:00,2620.0
2016-05-17 09:00:00,2605.0
2016-05-18 09:00:00,2580.0
2016-05-19 09:00:00,2600.0
2016-05-20 09:00:00,2590.0
2016-05-23 09:00:00,2600.0
2016-05-24 09:00:00,2610.0
2016-05-25 09:00:00,2600.0
2016-05-26 09:00:00,2615.0
2016-05-27 09:00:00,2600.0
2016-05-30 09:00:00,2605.0
2016-05-31 09:00:00,2660.0
2016-06-01 09:00:00,2620.0
2016-06-02 09:00:00,2620.0
2016-06-03 09:00:00,2610.0
2016-06-06 09:00:00,2625.0
2016-06-07 09:00:00,2630.0
2016-06-08 09:00:00,2615.0
2016-06-09 09:00:00,2605.0
2016-06-10 09:00:00,2595.0
2016-06-13 09:00:00,2570.0
2016-06-14 09:00:00,2540.0
2016-06-15 09:00:00,2570.0
2016-06-16 09:00:00,2590.0
2016-06-17 09:00:00,2600.0
2016-06-20 09:00:00,2580.0
2016-06-21 09:00:00,2565.0
2016-06-22 09:00:00,2565.0
2016-06-23 09:00:00,2580.0
2016-06-24 09:00:00,2575.0
2016-06-27 09:00:00,2530.0
2016-06-28 09:00:00,2565.0
2016-06-29 09:00:00,2630.0
2016-06-30 09:00:00,2680.0
2016-07-01 09:00:00,2675.0
2016-07-11 09:00:00,2670.0
2016-07-12 09:00:00,2720.0
2016-07-13 09:00:00,2765.0
2016-07-14 09:00:00,2780.0
2016-07-15 09:00:00,2765.0
2016-07-18 09:00:00,2780.0
2016-07-19 09:00:00,2800.0
2016-07-20 09:00:00,2870.0
2016-07-21 09:00:00,2905.0
2016-07-22 09:00:00,2900.0
2016-07-25 09:00:00,2905.0
2016-07-26 09:00:00,2905.0
2016-07-27 09:00:00,2885.0
2016-07-28 09:00:00,2900.0
2016-07-29 09:00:00,2900.0
2016-08-01 09:00:00,2875.0
2016-08-02 09:00:00,2975.0
2016-08-03 09:00:00,3000.0
2016-08-04 09:00:00,2995.0
2016-08-05 09:00:00,3010.0
2016-08-08 09:00:00,3030.0
2016-08-09 09:00:00,3020.0
2016-08-10 09:00:00,3000.0
2016-08-11 09:00:00,3020.0
2016-08-12 09:00:00,3005.0
2016-08-15 09:00:00,3030.0
2016-08-16 09:00:00,3040.0
2016-08-18 09:00:00,3025.0
2016-08-19 09:00:00,3080.0
2016-08-22 09:00:00,3080.0
2016-08-23 09:00:00,3100.0
2016-08-24 09:00:00,3060.0
2016-08-25 09:00:00,3070.0
2016-08-26 09:00:00,3050.0
2016-08-29 09:00:00,3045.0
2016-08-30 09:00:00,3005.0
2016-08-31 09:00:00,2970.0
2016-09-01 09:00:00,2970.0
2016-09-02 09:00:00,3010.0
2016-09-05 09:00:00,3055.0
2016-09-06 09:00:00,3010.0
2016-09-07 09:00:00,3060.0
2016-09-08 09:00:00,3060.0
2016-09-09 09:00:00,3035.0
2016-09-13 09:00:00,3010.0
2016-09-14 09:00:00,2990.0
2016-09-15 09:00:00,3040.0
2016-09-16 09:00:00,3020.0
2016-09-19 09:00:00,3050.0
2016-09-20 09:00:00,3040.0
2016-09-21 09:00:00,3020.0
2016-09-22 09:00:00,3070.0
2016-09-23 09:00:00,3110.0
2016-09-26 09:00:00,3095.0
2016-09-27 09:00:00,3020.0
2016-09-28 09:00:00,3115.0
2016-09-29 09:00:00,3100.0
2016-09-30 09:00:00,3195.0
2016-10-03 09:00:00,3190.0
2016-10-04 09:00:00,3240.0
2016-10-05 09:00:00,3150.0
2016-10-06 09:00:00,3200.0
2016-10-07 09:00:00,3200.0
2016-10-10 09:00:00,3140.0
2016-10-11 09:00:00,3185.0
2016-10-12 09:00:00,3160.0
2016-10-13 09:00:00,3120.0
2016-10-14 09:00:00,3095.0
2016-10-17 09:00:00,3160.0
2016-10-18 09:00:00,3200.0
2016-10-19 09:00:00,3195.0
2016-10-20 09:00:00,3170.0
2016-10-21 09:00:00,3170.0
2016-10-24 09:00:00,3175.0
2016-10-25 09:00:00,3125.0
2016-10-26 09:00:00,3120.0
2016-10-27 09:00:00,3100.0
2016-10-28 09:00:00,3105.0
2016-10-31 09:00:00,3100.0
2016-11-01 09:00:00,3100.0
2016-11-02 09:00:00,3090.0
2016-11-03 09:00:00,3100.0
2016-11-04 09:00:00,3070.0
2016-11-07 09:00:00,3050.0
2016-11-08 09:00:00,3080.0
2016-11-09 09:00:00,3100.0
2016-11-10 09:00:00,3060.0
2016-11-11 09:00:00,3000.0
2016-11-14 09:00:00,2880.0
2016-11-15 09:00:00,2860.0
2016-11-16 09:00:00,2915.0
2016-11-17 09:00:00,2950.0
2016-11-18 09:00:00,2940.0
2016-11-21 09:00:00,2940.0
2016-11-22 09:00:00,2900.0
2016-11-23 09:00:00,2930.0
2016-11-24 09:00:00,2900.0
2016-11-25 09:00:00,2900.0
2016-11-28 09:00:00,2890.0
2016-11-29 09:00:00,2865.0
2016-11-30 09:00:00,2870.0
2016-12-01 09:00:00,2860.0
2016-12-02 09:00:00,2930.0
2016-12-05 09:00:00,2935.0
2016-12-06 09:00:00,2940.0
2016-12-07 09:00:00,2940.0
2016-12-08 09:00:00,2900.0
2016-12-09 09:00:00,2960.0
2016-12-13 09:00:00,2935.0
2016-12-14 09:00:00,2940.0
2016-12-15 09:00:00,2945.0
2016-12-16 09:00:00,2940.0
2016-12-19 09:00:00,2900.0
2016-12-20 09:00:00,2910.0
2016-12-21 09:00:00,2960.0
2016-12-22 09:00:00,2900.0
2016-12-23 09:00:00,2880.0
2016-12-27 09:00:00,2860.0
2016-12-28 09:00:00,2980.0
2016-12-29 09:00:00,2960.0
2016-12-30 09:00:00,3070.0
2017-01-03 09:00:00,3100.0
2017-01-04 09:00:00,3170.0
2017-01-05 09:00:00,3140.0
2017-01-06 09:00:00,3090.0
2017-01-09 09:00:00,3110.0
2017-01-10 09:00:00,3090.0
2017-01-11 09:00:00,3110.0
2017-01-12 09:00:00,3060.0
2017-01-13 09:00:00,3040.0
2017-01-16 09:00:00,3040.0
2017-01-17 09:00:00,3035.0
2017-01-18 09:00:00,3055.0
2017-01-19 09:00:00,3070.0
2017-01-20 09:00:00,3050.0
2017-01-23 09:00:00,3040.0
2017-01-24 09:00:00,3040.0
2017-01-25 09:00:00,3050.0
2017-01-26 09:00:00,3000.0
2017-01-27 09:00:00,3030.0
2017-01-30 09:00:00,3115.0
2017-01-31 09:00:00,3100.0
2017-02-01 09:00:00,3100.0
2017-02-02 09:00:00,3065.0
2017-02-03 09:00:00,3090.0
2017-02-06 09:00:00,3115.0
2017-02-07 09:00:00,3085.0
2017-02-08 09:00:00,3125.0
2017-02-09 09:00:00,3120.0
2017-02-10 09:00:00,3125.0
2017-02-13 09:00:00,3100.0
2017-02-14 09:00:00,3090.0
2017-02-16 09:00:00,3120.0
2017-02-17 09:00:00,3090.0
2017-02-20 09:00:00,3120.0
2017-02-21 09:00:00,3080.0
2017-02-22 09:00:00,3080.0
2017-02-23 09:00:00,3080.0
2017-02-24 09:00:00,3105.0
2017-02-27 09:00:00,3100.0
2017-02-28 09:00:00,3100.0
2017-03-01 09:00:00,3080.0
2017-03-02 09:00:00,3130.0
2017-03-03 09:00:00,3090.0
2017-03-06 09:00:00,3080.0
2017-03-07 09:00:00,3080.0
2017-03-08 09:00:00,3100.0
2017-03-09 09:00:00,3100.0
2017-03-10 09:00:00,3140.0
2017-03-13 09:00:00,3120.0
2017-03-14 09:00:00,3140.0
2017-03-15 09:00:00,3155.0
2017-03-16 09:00:00,3180.0
2017-03-17 09:00:00,3200.0
2017-03-20 09:00:00,3220.0
2017-03-21 09:00:00,3245.0
2017-03-22 09:00:00,3210.0
2017-03-23 09:00:00,3280.0
2017-03-24 09:00:00,3360.0
2017-03-27 09:00:00,3310.0
2017-03-29 09:00:00,3335.0
2017-03-30 09:00:00,3340.0
2017-03-31 09:00:00,3365.0
2017-04-03 09:00:00,3315.0
2017-04-04 09:00:00,3350.0
2017-04-05 09:00:00,3370.0
2017-04-06 09:00:00,3440.0
2017-04-07 09:00:00,3495.0
2017-04-10 09:00:00,3525.0
2017-04-11 09:00:00,3500.0
2017-04-12 09:00:00,3490.0
2017-04-13 09:00:00,3540.0
2017-04-17 09:00:00,3470.0
2017-04-18 09:00:00,3395.0
2017-04-20 09:00:00,3440.0
2017-04-21 09:00:00,3415.0
2017-04-25 09:00:00,3530.0
2017-04-26 09:00:00,3530.0
2017-04-27 09:00:00,3480.0
2017-04-28 09:00:00,3505.0
2017-05-02 09:00:00,3550.0
2017-05-03 09:00:00,3560.0
2017-05-04 09:00:00,3560.0
2017-05-05 09:00:00,3550.0
2017-05-08 09:00:00,3575.0
2017-05-09 09:00:00,3660.0
2017-05-10 09:00:00,3550.0
2017-05-12 09:00:00,3705.0
2017-05-15 09:00:00,3600.0
2017-05-16 09:00:00,3580.0
2017-05-17 09:00:00,3480.0
2017-05-18 09:00:00,3360.0
2017-05-19 09:00:00,3480.0
2017-05-22 09:00:00,3630.0
2017-05-23 09:00:00,3530.0
2017-05-24 09:00:00,3490.0
2017-05-26 09:00:00,3500.0
2017-05-29 09:00:00,3535.0
2017-05-30 09:00:00,3540.0
2017-05-31 09:00:00,3520.0
2017-06-02 09:00:00,3485.0
2017-06-05 09:00:00,3560.0
2017-06-06 09:00:00,3500.0
2017-06-07 09:00:00,3530.0
2017-06-08 09:00:00,3570.0
2017-06-09 09:00:00,3620.0
2017-06-12 09:00:00,3540.0
2017-06-13 09:00:00,3550.0
2017-06-14 09:00:00,3540.0
2017-06-15 09:00:00,3600.0
2017-06-16 09:00:00,3630.0
2017-06-19 09:00:00,3600.0
2017-06-20 09:00:00,3585.0
2017-06-21 09:00:00,3620.0
2017-06-22 09:00:00,3650.0
2017-07-03 09:00:00,3680.0
2017-07-04 09:00:00,3700.0
2017-07-05 09:00:00,3710.0
2017-07-06 09:00:00,3640.0
2017-07-07 09:00:00,3670.0
2017-07-10 09:00:00,3700.0
2017-07-11 09:00:00,3665.0
2017-07-12 09:00:00,3640.0
2017-07-13 09:00:00,3700.0
2017-07-14 09:00:00,3710.0
2017-07-17 09:00:00,3650.0
2017-07-18 09:00:00,3640.0
2017-07-19 09:00:00,3670.0
2017-07-20 09:00:00,3695.0
2017-07-21 09:00:00,3690.0
2017-07-24 09:00:00,3670.0
2017-07-25 09:00:00,3730.0
2017-07-26 09:00:00,3730.0
2017-07-27 09:00:00,3755.0
2017-07-28 09:00:00,3800.0
2017-07-31 09:00:00,3720.0
2017-08-01 09:00:00,3775.0
2017-08-02 09:00:00,3780.0
2017-08-03 09:00:00,3810.0
2017-08-04 09:00:00,3750.0
2017-08-07 09:00:00,3750.0
2017-08-08 09:00:00,3740.0
2017-08-09 09:00:00,3805.0
2017-08-10 09:00:00,3810.0
2017-08-11 09:00:00,3745.0
2017-08-14 09:00:00,3735.0
2017-08-15 09:00:00,3740.0
2017-08-16 09:00:00,3745.0
2017-08-18 09:00:00,3750.0
2017-08-21 09:00:00,3760.0
2017-08-22 09:00:00,3760.0
2017-08-23 09:00:00,3780.0
2017-08-24 09:00:00,3830.0
2017-08-25 09:00:00,3820.0
2017-08-28 09:00:00,3780.0
2017-08-29 09:00:00,3810.0
2017-08-30 09:00:00,3840.0
2017-08-31 09:00:00,3790.0
2017-09-04 09:00:00,3795.0
2017-09-05 09:00:00,3800.0
2017-09-06 09:00:00,3800.0
2017-09-07 09:00:00,3820.0
2017-09-08 09:00:00,3745.0
2017-09-11 09:00:00,3795.0
2017-09-12 09:00:00,3790.0
2017-09-13 09:00:00,3770.0
2017-09-14 09:00:00,3825.0
2017-09-15 09:00:00,3800.0
2017-09-18 09:00:00,3800.0
2017-09-19 09:00:00,3770.0
2017-09-20 09:00:00,3820.0
2017-09-22 09:00:00,3820.0
2017-09-25 09:00:00,3950.0
2017-09-26 09:00:00,3935.0
2017-09-27 09:00:00,3960.0
2017-09-28 09:00:00,3965.0
2017-09-29 09:00:00,3995.0
2017-10-02 09:00:00,4110.0
2017-10-03 09:00:00,4065.0
2017-10-04 09:00:00,4110.0
2017-10-05 09:00:00,4065.0
2017-10-06 09:00:00,4050.0
2017-10-09 09:00:00,4060.0
2017-10-10 09:00:00,4040.0
2017-10-11 09:00:00,4040.0
2017-10-12 09:00:00,4075.0
2017-10-13 09:00:00,4160.0
2017-10-16 09:00:00,4160.0
2017-10-17 09:00:00,4150.0
2017-10-18 09:00:00,4140.0
2017-10-19 09:00:00,4040.0
2017-10-20 09:00:00,4100.0
2017-10-23 09:00:00,4130.0
2017-10-24 09:00:00,4200.0
2017-10-25 09:00:00,4120.0
2017-10-26 09:00:00,4160.0
2017-10-27 09:00:00,4150.0
2017-10-30 09:00:00,4065.0
2017-10-31 09:00:00,4165.0
2017-11-01 09:00:00,4200.0
2017-11-02 09:00:00,4300.0
2017-11-03 09:00:00,4300.0
2017-11-06 09:00:00,4240.0
2017-11-07 09:00:00,4170.0
2017-11-08 09:00:00,4180.0
2017-11-09 09:00:00,4190.0
2017-11-10 09:00:00,4160.0
2017-11-13 09:00:00,4105.0
2017-11-14 09:00:00,4100.0
2017-11-15 09:00:00,4120.0
2017-11-16 09:00:00,4240.0
2017-11-17 09:00:00,4230.0
2017-11-20 09:00:00,4235.0
2017-11-21 09:00:00,4245.0
2017-11-22 09:00:00,4200.0
2017-11-23 09:00:00,4250.0
2017-11-24 09:00:00,4175.0
2017-11-27 09:00:00,4165.0
2017-11-28 09:00:00,4260.0
2017-11-29 09:00:00,4260.0
2017-11-30 09:00:00,4260.0
2017-12-04 09:00:00,4165.0
2017-12-05 09:00:00,4210.0
2017-12-06 09:00:00,4230.0
2017-12-07 09:00:00,4260.0
2017-12-08 09:00:00,4220.0
2017-12-11 09:00:00,4250.0
2017-12-12 09:00:00,4235.0
2017-12-13 09:00:00,4235.0
2017-12-14 09:00:00,4185.0
2017-12-15 09:00:00,4180.0
2017-12-18 09:00:00,4180.0
2017-12-19 09:00:00,4190.0
2017-12-20 09:00:00,4210.0
2017-12-21 09:00:00,4190.0
2017-12-22 09:00:00,4235.0
2017-12-27 09:00:00,4300.0
2017-12-28 09:00:00,4300.0
2017-12-29 09:00:00,4410.0
2018-01-02 09:00:00,4380.0
2018-01-03 09:00:00,4385.0
2018-01-04 09:00:00,4380.0
2018-01-05 09:00:00,4460.0
2018-01-08 09:00:00,4450.0
2018-01-09 09:00:00,4500.0
2018-01-10 09:00:00,4505.0
2018-01-11 09:00:00,4490.0
2018-01-12 09:00:00,4540.0
2018-01-15 09:00:00,4490.0
2018-01-16 09:00:00,4490.0
2018-01-17 09:00:00,4540.0
2018-01-18 09:00:00,4450.0
2018-01-19 09:00:00,4525.0
2018-01-22 09:00:00,4510.0
2018-01-23 09:00:00,4530.0
2018-01-24 09:00:00,4525.0
2018-01-25 09:00:00,4510.0
2018-01-26 09:00:00,4525.0
2018-01-29 09:00:00,4560.0
2018-01-30 09:00:00,4540.0
2018-01-31 09:00:00,4560.0
2018-02-01 09:00:00,4570.0
2018-02-02 09:00:00,4725.0
2018-02-05 09:00:00,4750.0
2018-02-06 09:00:00,4690.0
2018-02-07 09:00:00,4730.0
2018-02-08 09:00:00,4710.0
2018-02-09 09:00:00,4680.0
2018-02-12 09:00:00,4760.0
2018-02-13 09:00:00,4760.0
2018-02-14 09:00:00,4745.0
2018-02-15 09:00:00,4780.0
2018-02-19 09:00:00,4735.0
2018-02-20 09:00:00,4820.0
2018-02-21 09:00:00,4790.0
2018-02-22 09:00:00,4820.0
2018-02-23 09:00:00,4805.0
2018-02-26 09:00:00,4830.0
2018-02-27 09:00:00,4745.0
2018-02-28 09:00:00,4680.0
2018-03-01 09:00:00,4620.0
2018-03-02 09:00:00,4615.0
2018-03-05 09:00:00,4630.0
2018-03-06 09:00:00,4635.0
2018-03-07 09:00:00,4620.0
2018-03-08 09:00:00,4600.0
2018-03-09 09:00:00,4660.0
2018-03-12 09:00:00,4680.0
2018-03-13 09:00:00,4720.0
2018-03-14 09:00:00,4695.0
2018-03-15 09:00:00,4680.0
2018-03-16 09:00:00,4730.0
2018-03-19 09:00:00,4660.0
2018-03-20 09:00:00,4655.0
2018-03-21 09:00:00,4670.0
2018-03-22 09:00:00,4695.0
2018-03-23 09:00:00,4600.0
2018-03-26 09:00:00,4680.0
2018-03-27 09:00:00,4730.0
2018-03-28 09:00:00,4690.0
2018-03-29 09:00:00,4630.0
2018-04-02 09:00:00,4690.0
2018-04-03 09:00:00,4675.0
2018-04-04 09:00:00,4700.0
2018-04-05 09:00:00,4700.0
2018-04-06 09:00:00,4625.0
2018-04-09 09:00:00,4570.0
2018-04-10 09:00:00,4575.0
2018-04-11 09:00:00,4700.0
2018-04-12 09:00:00,4665.0
2018-04-13 09:00:00,4620.0
2018-04-16 09:00:00,4575.0
2018-04-17 09:00:00,4550.0
2018-04-18 09:00:00,4565.0
2018-04-19 09:00:00,4620.0
2018-04-20 09:00:00,4625.0
2018-04-23 09:00:00,4640.0
2018-04-24 09:00:00,4620.0
2018-04-25 09:00:00,4570.0
2018-04-26 09:00:00,4350.0
2018-04-27 09:00:00,4320.0
2018-04-30 09:00:00,4300.0
2018-05-02 09:00:00,4420.0
2018-05-03 09:00:00,4560.0
2018-05-04 09:00:00,4460.0
2018-05-07 09:00:00,4410.0
2018-05-08 09:00:00,4400.0
2018-05-09 09:00:00,4305.0
2018-05-11 09:00:00,4550.0
2018-05-14 09:00:00,4490.0
2018-05-15 09:00:00,4535.0
2018-05-16 09:00:00,4380.0
2018-05-17 09:00:00,4440.0
2018-05-18 09:00:00,4400.0
2018-05-21 09:00:00,4310.0
2018-05-22 09:00:00,4390.0
2018-05-23 09:00:00,4420.0
2018-05-24 09:00:00,4460.0
2018-05-25 09:00:00,4485.0
2018-05-28 09:00:00,4500.0
2018-05-30 09:00:00,4570.0
2018-05-31 09:00:00,4575.0
2018-06-04 09:00:00,4590.0
2018-06-05 09:00:00,4560.0
2018-06-06 09:00:00,4545.0
2018-06-07 09:00:00,4630.0
2018-06-08 09:00:00,4570.0
2018-06-20 09:00:00,4400.0
2018-06-21 09:00:00,4325.0
2018-06-22 09:00:00,4280.0
2018-06-25 09:00:00,4385.0
2018-06-26 09:00:00,4420.0
2018-06-27 09:00:00,4280.0
2018-06-28 09:00:00,4275.0
2018-06-29 09:00:00,4190.0
2018-07-02 09:00:00,4330.0
2018-07-03 09:00:00,4320.0
2018-07-04 09:00:00,4195.0
2018-07-05 09:00:00,4210.0
2018-07-06 09:00:00,4195.0
2018-07-09 09:00:00,4240.0
2018-07-10 09:00:00,4370.0
2018-07-11 09:00:00,4300.0
2018-07-12 09:00:00,4440.0
2018-07-13 09:00:00,4600.0
2018-07-16 09:00:00,4610.0
2018-07-17 09:00:00,4585.0
2018-07-18 09:00:00,4590.0
2018-07-19 09:00:00,4620.0
2018-07-20 09:00:00,4630.0
2018-07-23 09:00:00,4640.0
2018-07-24 09:00:00,4700.0
2018-07-25 09:00:00,4705.0
2018-07-26 09:00:00,4645.0
2018-07-27 09:00:00,4660.0
2018-07-30 09:00:00,4680.0
2018-07-31 09:00:00,4640.0
2018-08-01 09:00:00,4680.0
2018-08-02 09:00:00,4720.0
2018-08-03 09:00:00,4690.0
2018-08-06 09:00:00,4680.0
2018-08-07 09:00:00,4740.0
2018-08-08 09:00:00,4780.0
2018-08-09 09:00:00,4800.0
2018-08-10 09:00:00,4800.0
2018-08-13 09:00:00,4705.0
2018-08-14 09:00:00,4690.0
2018-08-15 09:00:00,4720.0
2018-08-16 09:00:00,4690.0
2018-08-20 09:00:00,4700.0
2018-08-21 09:00:00,4770.0
2018-08-23 09:00:00,4760.0
2018-08-24 09:00:00,4920.0
2018-08-27 09:00:00,5020.0
2018-08-28 09:00:00,5020.0
2018-08-29 09:00:00,4900.0
2018-08-30 09:00:00,4995.0
2018-08-31 09:00:00,5000.0
2018-09-03 09:00:00,5010.0
2018-09-04 09:00:00,4965.0
2018-09-05 09:00:00,4900.0
2018-09-06 09:00:00,4805.0
2018-09-07 09:00:00,4965.0
2018-09-10 09:00:00,4920.0
2018-09-12 09:00:00,4950.0
2018-09-13 09:00:00,4840.0
2018-09-14 09:00:00,4780.0
2018-09-17 09:00:00,4750.0
2018-09-18 09:00:00,4740.0
2018-09-19 09:00:00,4815.0
2018-09-20 09:00:00,4840.0
2018-09-21 09:00:00,4780.0
2018-09-24 09:00:00,4780.0
2018-09-25 09:00:00,4800.0
2018-09-26 09:00:00,4760.0
2018-09-27 09:00:00,4780.0
2018-09-28 09:00:00,4780.0
2018-10-01 09:00:00,4800.0
2018-10-02 09:00:00,4815.0
2018-10-03 09:00:00,4750.0
2018-10-04 09:00:00,4785.0
2018-10-05 09:00:00,4710.0
2018-10-08 09:00:00,4615.0
2018-10-09 09:00:00,4700.0
2018-10-10 09:00:00,4780.0
2018-10-11 09:00:00,4600.0
2018-10-12 09:00:00,4600.0
2018-10-15 09:00:00,4700.0
2018-10-16 09:00:00,4770.0
2018-10-17 09:00:00,4830.0
2018-10-18 09:00:00,4760.0
2018-10-19 09:00:00,4660.0
2018-10-22 09:00:00,4675.0
2018-10-23 09:00:00,4680.0
2018-10-24 09:00:00,4600.0
2018-10-25 09:00:00,4435.0
2018-10-26 09:00:00,4620.0
2018-10-29 09:00:00,4660.0
2018-10-30 09:00:00,4625.0
2018-10-31 09:00:00,4750.0
2018-11-01 09:00:00,4770.0
2018-11-02 09:00:00,4800.0
2018-11-05 09:00:00,4800.0
2018-11-06 09:00:00,4860.0
2018-11-07 09:00:00,4920.0
2018-11-08 09:00:00,4880.0
2018-11-09 09:00:00,4800.0
2018-11-12 09:00:00,4830.0
2018-11-13 09:00:00,4740.0
2018-11-14 09:00:00,4815.0
2018-11-15 09:00:00,4855.0
2018-11-16 09:00:00,4870.0
2018-11-19 09:00:00,5000.0
2018-11-21 09:00:00,5000.0
2018-11-22 09:00:00,4940.0
2018-11-23 09:00:00,5060.0
2018-11-26 09:00:00,4960.0
2018-11-27 09:00:00,5040.0
2018-11-28 09:00:00,5125.0
2018-11-29 09:00:00,5100.0
2018-11-30 09:00:00,5240.0
2018-12-03 09:00:00,5215.0
2018-12-04 09:00:00,5160.0
2018-12-05 09:00:00,5120.0
2018-12-06 09:00:00,5170.0
2018-12-07 09:00:00,5190.0
2018-12-10 09:00:00,5120.0
2018-12-11 09:00:00,5130.0
2018-12-12 09:00:00,5190.0
2018-12-13 09:00:00,5200.0
2018-12-14 09:00:00,5160.0
2018-12-17 09:00:00,5185.0
2018-12-18 09:00:00,5100.0
2018-12-19 09:00:00,5040.0
2018-12-20 09:00:00,5120.0
2018-12-21 09:00:00,5040.0
2018-12-26 09:00:00,5170.0
2018-12-27 09:00:00,5240.0
2018-12-28 09:00:00,5195.0
2019-01-02 09:00:00,5200.0
2019-01-03 09:00:00,5200.0
2019-01-04 09:00:00,5175.0
2019-01-07 09:00:00,5265.0
2019-01-08 09:00:00,5230.0
2019-01-09 09:00:00,5300.0
2019-01-10 09:00:00,5300.0
2019-01-11 09:00:00,5280.0
2019-01-14 09:00:00,5220.0
2019-01-15 09:00:00,5230.0
2019-01-16 09:00:00,5260.0
2019-01-17 09:00:00,5290.0
2019-01-18 09:00:00,5340.0
2019-01-21 09:00:00,5425.0
2019-01-22 09:00:00,5600.0
2019-01-23 09:00:00,5600.0
2019-01-24 09:00:00,5430.0
2019-01-25 09:00:00,5400.0
2019-01-28 09:00:00,5515.0
2019-01-29 09:00:00,5445.0
2019-01-30 09:00:00,5560.0
2019-01-31 09:00:00,5520.0
2019-02-01 09:00:00,5680.0
2019-02-04 09:00:00,5635.0
2019-02-06 09:00:00,5500.0
2019-02-07 09:00:00,5535.0
2019-02-08 09:00:00,5530.0
2019-02-11 09:00:00,5520.0
2019-02-12 09:00:00,5530.0
2019-02-13 09:00:00,5460.0
2019-02-14 09:00:00,5405.0
2019-02-15 09:00:00,5360.0
2019-02-18 09:00:00,5410.0
2019-02-19 09:00:00,5420.0
2019-02-20 09:00:00,5450.0
2019-02-21 09:00:00,5540.0
2019-02-22 09:00:00,5475.0
2019-02-25 09:00:00,5490.0
2019-02-26 09:00:00,5500.0
2019-02-27 09:00:00,5565.0
2019-02-28 09:00:00,5570.0
2019-03-01 09:00:00,5565.0
2019-03-04 09:00:00,5520.0
2019-03-05 09:00:00,5500.0
2019-03-06 09:00:00,5555.0
2019-03-08 09:00:00,5545.0
2019-03-11 09:00:00,5530.0
2019-03-12 09:00:00,5540.0
2019-03-13 09:00:00,5450.0
2019-03-14 09:00:00,5450.0
2019-03-15 09:00:00,5520.0
2019-03-18 09:00:00,5555.0
2019-03-19 09:00:00,5540.0
2019-03-20 09:00:00,5540.0
2019-03-21 09:00:00,5490.0
2019-03-22 09:00:00,5465.0
2019-03-25 09:00:00,5440.0
2019-03-26 09:00:00,5480.0
2019-03-27 09:00:00,5510.0
2019-03-28 09:00:00,5460.0
2019-03-29 09:00:00,5515.0
2019-04-01 09:00:00,5550.0
2019-04-02 09:00:00,5530.0
2019-04-04 09:00:00,5540.0
2019-04-05 09:00:00,5560.0
2019-04-08 09:00:00,5505.0
2019-04-09 09:00:00,5535.0
2019-04-10 09:00:00,5550.0
2019-04-11 09:00:00,5560.0
2019-04-12 09:00:00,5460.0
2019-04-15 09:00:00,5560.0
2019-04-16 09:00:00,5495.0
2019-04-18 09:00:00,5600.0
2019-04-22 09:00:00,5625.0
2019-04-23 09:00:00,5680.0
2019-04-24 09:00:00,5640.0
2019-04-25 09:00:00,5535.0
2019-04-26 09:00:00,5585.0
2019-04-29 09:00:00,5610.0
2019-04-30 09:00:00,5670.0
2019-05-02 09:00:00,5800.0
2019-05-03 09:00:00,5680.0
2019-05-06 09:00:00,5600.0
2019-05-07 09:00:00,5675.0
2019-05-08 09:00:00,5600.0
2019-05-09 09:00:00,5700.0
2019-05-10 09:00:00,5610.0
2019-05-13 09:00:00,5680.0
2019-05-14 09:00:00,5560.0
2019-05-15 09:00:00,5555.0
2019-05-16 09:00:00,5460.0
2019-05-17 09:00:00,5280.0
2019-05-20 09:00:00,5180.0
2019-05-21 09:00:00,5470.0
2019-05-22 09:00:00,5530.0
2019-05-23 09:00:00,5440.0
2019-05-24 09:00:00,5610.0
2019-05-27 09:00:00,5535.0
2019-05-28 09:00:00,5655.0
2019-05-29 09:00:00,5800.0
2019-05-31 09:00:00,5740.0
2019-06-10 09:00:00,6000.0
2019-06-11 09:00:00,5900.0
2019-06-12 09:00:00,5840.0
2019-06-13 09:00:00,5885.0
2019-06-14 09:00:00,5845.0
2019-06-17 09:00:00,5810.0
2019-06-18 09:00:00,5795.0
2019-06-19 09:00:00,5900.0
2019-06-20 09:00:00,5900.0
2019-06-21 09:00:00,5910.0
2019-06-24 09:00:00,5895.0
2019-06-25 09:00:00,5930.0
2019-06-26 09:00:00,5940.0
2019-06-27 09:00:00,5850.0
2019-06-28 09:00:00,5980.0
2019-07-01 09:00:00,5995.0
2019-07-02 09:00:00,5990.0
2019-07-03 09:00:00,5950.0
2019-07-04 09:00:00,6000.0
2019-07-05 09:00:00,6020.0
2019-07-08 09:00:00,5935.0
2019-07-09 09:00:00,5870.0
2019-07-10 09:00:00,6000.0
2019-07-11 09:00:00,6020.0
2019-07-12 09:00:00,6000.0
2019-07-15 09:00:00,6060.0
2019-07-16 09:00:00,6080.0
2019-07-17 09:00:00,6080.0
2019-07-18 09:00:00,6100.0
2019-07-19 09:00:00,6195.0
2019-07-22 09:00:00,6260.0
2019-07-23 09:00:00,6240.0
2019-07-24 09:00:00,6260.0
2019-07-25 09:00:00,6270.0
2019-07-26 09:00:00,6250.0
2019-07-29 09:00:00,6220.0
2019-07-30 09:00:00,6205.0
2019-07-31 09:00:00,6190.0
2019-08-01 09:00:00,6190.0
2019-08-02 09:00:00,6160.0
2019-08-05 09:00:00,6215.0
2019-08-06 09:00:00,5880.0
2019-08-07 09:00:00,5975.0
2019-08-08 09:00:00,6010.0
2019-08-09 09:00:00,6055.0
2019-08-12 09:00:00,6070.0
2019-08-13 09:00:00,6000.0
2019-08-14 09:00:00,6040.0
2019-08-15 09:00:00,5920.0
2019-08-16 09:00:00,6040.0
2019-08-19 09:00:00,6030.0
2019-08-20 09:00:00,6035.0
2019-08-21 09:00:00,6000.0
2019-08-22 09:00:00,5925.0
2019-08-23 09:00:00,5920.0
2019-08-26 09:00:00,5940.0
2019-08-27 09:00:00,6040.0
2019-08-28 09:00:00,6000.0
2019-08-29 09:00:00,5990.0
2019-08-30 09:00:00,6080.0
2019-09-02 09:00:00,6100.0
2019-09-03 09:00:00,6000.0
2019-09-04 09:00:00,6060.0
2019-09-05 09:00:00,6085.0
2019-09-06 09:00:00,6060.0
2019-09-09 09:00:00,6050.0
2019-09-10 09:00:00,6020.0
2019-09-11 09:00:00,6050.0
2019-09-12 09:00:00,6100.0
2019-09-13 09:00:00,6080.0
2019-09-16 09:00:00,6000.0
2019-09-17 09:00:00,5990.0
2019-09-18 09:00:00,5990.0
2019-09-19 09:00:00,6015.0
2019-09-20 09:00:00,6050.0
2019-09-23 09:00:00,6030.0
2019-09-24 09:00:00,5980.0
2019-09-25 09:00:00,5900.0
2019-09-26 09:00:00,6000.0
2019-09-27 09:00:00,6005.0
2019-09-30 09:00:00,6070.0
2019-10-01 09:00:00,6010.0
2019-10-02 09:00:00,6010.0
2019-10-03 09:00:00,6010.0
2019-10-04 09:00:00,5980.0
2019-10-07 09:00:00,6070.0
2019-10-08 09:00:00,6080.0
2019-10-09 09:00:00,6100.0
2019-10-10 09:00:00,6020.0
2019-10-11 09:00:00,6080.0
2019-10-14 09:00:00,6130.0
2019-10-15 09:00:00,6190.0
2019-10-16 09:00:00,6200.0
2019-10-17 09:00:00,6185.0
2019-10-18 09:00:00,6160.0
2019-10-21 09:00:00,6200.0
2019-10-22 09:00:00,6270.0
2019-10-23 09:00:00,6300.0
2019-10-24 09:00:00,6290.0
2019-10-25 09:00:00,6320.0
2019-10-28 09:00:00,6200.0
2019-10-29 09:00:00,6205.0
2019-10-30 09:00:00,6280.0
2019-10-31 09:00:00,6270.0
2019-11-01 09:00:00,6300.0
2019-11-04 09:00:00,6350.0
2019-11-05 09:00:00,6350.0
2019-11-06 09:00:00,6380.0
2019-11-07 09:00:00,6335.0
2019-11-08 09:00:00,6315.0
2019-11-11 09:00:00,6335.0
2019-11-12 09:00:00,6220.0
2019-11-13 09:00:00,6265.0
2019-11-14 09:00:00,6265.0
2019-11-15 09:00:00,6280.0
2019-11-18 09:00:00,6245.0
2019-11-19 09:00:00,6330.0
2019-11-20 09:00:00,6255.0
2019-11-21 09:00:00,6350.0
2019-11-22 09:00:00,6280.0
2019-11-25 09:00:00,6330.0
2019-11-26 09:00:00,6330.0
2019-11-27 09:00:00,6270.0
2019-11-28 09:00:00,6295.0
2019-11-29 09:00:00,6230.0
2019-12-02 09:00:00,6280.0
2019-12-03 09:00:00,6420.0
2019-12-04 09:00:00,6360.0
2019-12-05 09:00:00,6360.0
2019-12-06 09:00:00,6340.0
2019-12-09 09:00:00,6370.0
2019-12-10 09:00:00,6395.0
2019-12-11 09:00:00,6365.0
2019-12-12 09:00:00,6400.0
2019-12-13 09:00:00,6395.0
2019-12-16 09:00:00,6340.0
2019-12-17 09:00:00,6395.0
2019-12-18 09:00:00,6500.0
2019-12-19 09:00:00,6700.0
2019-12-20 09:00:00,6680.0
2019-12-23 09:00:00,6680.0
2019-12-26 09:00:00,6660.0
2019-12-27 09:00:00,6670.0
2019-12-30 09:00:00,6680.0
2020-01-02 09:00:00,6695.0
2020-01-03 09:00:00,6750.0
2020-01-06 09:00:00,6720.0
2020-01-07 09:00:00,6735.0
2020-01-08 09:00:00,6670.0
2020-01-09 09:00:00,6740.0
2020-01-10 09:00:00,6765.0
2020-01-13 09:00:00,6740.0
2020-01-14 09:00:00,6745.0
2020-01-15 09:00:00,6870.0
2020-01-16 09:00:00,6805.0
2020-01-17 09:00:00,6840.0
2020-01-20 09:00:00,6950.0
2020-01-21 09:00:00,6885.0
2020-01-22 09:00:00,6855.0
2020-01-23 09:00:00,6885.0
2020-01-24 09:00:00,6820.0
2020-01-27 09:00:00,6865.0
2020-01-28 09:00:00,6835.0
2020-01-29 09:00:00,6800.0
2020-01-30 09:00:00,6845.0
2020-01-31 09:00:00,6800.0
2020-02-03 09:00:00,6480.0
2020-02-04 09:00:00,6570.0
2020-02-05 09:00:00,6780.0
2020-02-06 09:00:00,6740.0
2020-02-07 09:00:00,6710.0
2020-02-10 09:00:00,6760.0
2020-02-11 09:00:00,6785.0
2020-02-12 09:00:00,6800.0
2020-02-13 09:00:00,6820.0
2020-02-14 09:00:00,6780.0
2020-02-17 09:00:00,6680.0
2020-02-18 09:00:00,6685.0
2020-02-19 09:00:00,6665.0
2020-02-20 09:00:00,6690.0
2020-02-21 09:00:00,6600.0
2020-02-24 09:00:00,6565.0
2020-02-25 09:00:00,6550.0
2020-02-26 09:00:00,6500.0
2020-02-27 09:00:00,6470.0
2020-02-28 09:00:00,6200.0
2020-03-02 09:00:00,6290.0
2020-03-03 09:00:00,6200.0
2020-03-04 09:00:00,6315.0
2020-03-05 09:00:00,6540.0
2020-03-06 09:00:00,6350.0
2020-03-09 09:00:00,6000.0
2020-03-10 09:00:00,5840.0
2020-03-11 09:00:00,5950.0
2020-03-12 09:00:00,5600.0
2020-03-13 09:00:00,5560.0
2020-03-16 09:00:00,5660.0
2020-03-17 09:00:00,5495.0
2020-03-18 09:00:00,5120.0
2020-03-19 09:00:00,4995.0
2020-03-20 09:00:00,4600.0
2020-03-23 09:00:00,4760.0
2020-03-24 09:00:00,4450.0
2020-03-26 09:00:00,4650.0
2020-03-27 09:00:00,5360.0
2020-03-30 09:00:00,5480.0
2020-03-31 09:00:00,5660.0
2020-04-01 09:00:00,5560.0
2020-04-02 09:00:00,5470.0
2020-04-03 09:00:00,5460.0
2020-04-06 09:00:00,5520.0
2020-04-07 09:00:00,5735.0
2020-04-08 09:00:00,5655.0
2020-04-09 09:00:00,5600.0
2020-04-13 09:00:00,5540.0
2020-04-14 09:00:00,5505.0
2020-04-15 09:00:00,5515.0
2020-04-16 09:00:00,5485.0
2020-04-17 09:00:00,5300.0
2020-04-20 09:00:00,5430.0
2020-04-21 09:00:00,5355.0
2020-04-22 09:00:00,5160.0
2020-04-23 09:00:00,5180.0
2020-04-24 09:00:00,5120.0
2020-04-27 09:00:00,4940.0
2020-04-28 09:00:00,4960.0
2020-04-29 09:00:00,4825.0
2020-04-30 09:00:00,4880.0
2020-05-04 09:00:00,5150.0
2020-05-05 09:00:00,5220.0
2020-05-06 09:00:00,5315.0
2020-05-08 09:00:00,5345.0
2020-05-11 09:00:00,5245.0
2020-05-12 09:00:00,5340.0
2020-05-13 09:00:00,5160.0
2020-05-14 09:00:00,5070.0
2020-05-15 09:00:00,4920.0
2020-05-18 09:00:00,4800.0
2020-05-19 09:00:00,4840.0
2020-05-20 09:00:00,4720.0
2020-05-26 09:00:00,4775.0
2020-05-27 09:00:00,4970.0
2020-05-28 09:00:00,5000.0
2020-05-29 09:00:00,5295.0
2020-06-02 09:00:00,5260.0
2020-06-03 09:00:00,5410.0
2020-06-04 09:00:00,5780.0
2020-06-05 09:00:00,5790.0
2020-06-08 09:00:00,5755.0
2020-06-09 09:00:00,5940.0
2020-06-10 09:00:00,5800.0
2020-06-11 09:00:00,5750.0
2020-06-12 09:00:00,5680.0
2020-06-15 09:00:00,5680.0
2020-06-16 09:00:00,5580.0
2020-06-17 09:00:00,5800.0
2020-06-18 09:00:00,5720.0
2020-06-19 09:00:00,5600.0
2020-06-22 09:00:00,5595.0
2020-06-23 09:00:00,5570.0
2020-06-24 09:00:00,5650.0
2020-06-25 09:00:00,5700.0
2020-06-26 09:00:00,5720.0
2020-06-29 09:00:00,5640.0
2020-06-30 09:00:00,5700.0
2020-07-01 09:00:00,5700.0
2020-07-02 09:00:00,5775.0
2020-07-03 09:00:00,5870.0
2020-07-06 09:00:00,5860.0
2020-07-07 09:00:00,5940.0
2020-07-08 09:00:00,5990.0
2020-07-09 09:00:00,6210.0
2020-07-10 09:00:00,6100.0
2020-07-13 09:00:00,6230.0
2020-07-14 09:00:00,6175.0
2020-07-15 09:00:00,6200.0
2020-07-16 09:00:00,6150.0
2020-07-17 09:00:00,6135.0
2020-07-20 09:00:00,6120.0
2020-07-21 09:00:00,6100.0
2020-07-22 09:00:00,6210.0
2020-07-23 09:00:00,6180.0
2020-07-24 09:00:00,6200.0
2020-07-27 09:00:00,6100.0
2020-07-28 09:00:00,6120.0
2020-07-29 09:00:00,6185.0
2020-07-30 09:00:00,6135.0
2020-08-03 09:00:00,6220.0
2020-08-04 09:00:00,6155.0
2020-08-05 09:00:00,6200.0
2020-08-06 09:00:00,6215.0
2020-08-07 09:00:00,6265.0
2020-08-10 09:00:00,6180.0
2020-08-11 09:00:00,6140.0
2020-08-12 09:00:00,6175.0
2020-08-13 09:00:00,6260.0
2020-08-14 09:00:00,6300.0
2020-08-18 09:00:00,6405.0
2020-08-19 09:00:00,6360.0
2020-08-24 09:00:00,6340.0
2020-08-25 09:00:00,6320.0
2020-08-26 09:00:00,6385.0
2020-08-27 09:00:00,6365.0
2020-08-28 09:00:00,6560.0
2020-08-31 09:00:00,6500.0
2020-09-01 09:00:00,6280.0
2020-09-02 09:00:00,6520.0
2020-09-03 09:00:00,6465.0
2020-09-04 09:00:00,6450.0
2020-09-07 09:00:00,6335.0
2020-09-08 09:00:00,6285.0
2020-09-09 09:00:00,6300.0
2020-09-10 09:00:00,6220.0
2020-09-11 09:00:00,5800.0
2020-09-14 09:00:00,6000.0
2020-09-15 09:00:00,6040.0
2020-09-16 09:00:00,5860.0
2020-09-17 09:00:00,5750.0
2020-09-18 09:00:00,5700.0
2020-09-21 09:00:00,5640.0
2020-09-22 09:00:00,5520.0
2020-09-23 09:00:00,5450.0
2020-09-24 09:00:00,5430.0
2020-09-25 09:00:00,5480.0
2020-09-28 09:00:00,5650.0
2020-09-29 09:00:00,5575.0
2020-09-30 09:00:00,5565.0
2020-10-01 09:00:00,5485.0
2020-10-02 09:00:00,5560.0
2020-10-05 09:00:00,5515.0
2020-10-06 09:00:00,5630.0
2020-10-07 09:00:00,5600.0
2020-10-08 09:00:00,5790.0
2020-10-09 09:00:00,5750.0
2020-10-12 09:00:00,5840.0
2020-10-13 09:00:00,5840.0
2020-10-14 09:00:00,5840.0
2020-10-15 09:00:00,5875.0
2020-10-16 09:00:00,5785.0
2020-10-19 09:00:00,5750.0
2020-10-20 09:00:00,5880.0
2020-10-21 09:00:00,5860.0
2020-10-22 09:00:00,5740.0
2020-10-23 09:00:00,5840.0
2020-10-26 09:00:00,5725.0
2020-10-27 09:00:00,5815.0
2020-11-02 09:00:00,5760.0
2020-11-03 09:00:00,5840.0
2020-11-04 09:00:00,5900.0
2020-11-05 09:00:00,5900.0
2020-11-06 09:00:00,6160.0
2020-11-09 09:00:00,6300.0
2020-11-10 09:00:00,6395.0
2020-11-11 09:00:00,6540.0
2020-11-12 09:00:00,6410.0
2020-11-13 09:00:00,6420.0
2020-11-16 09:00:00,6485.0
2020-11-17 09:00:00,6500.0
2020-11-18 09:00:00,6550.0
2020-11-19 09:00:00,6520.0
2020-11-20 09:00:00,6640.0
2020-11-23 09:00:00,6600.0
2020-11-24 09:00:00,6600.0
2020-11-25 09:00:00,6580.0
2020-11-26 09:00:00,6350.0
2020-11-27 09:00:00,6480.0
2020-11-30 09:00:00,6385.0
2020-12-01 09:00:00,6220.0
2020-12-02 09:00:00,6460.0
2020-12-03 09:00:00,6500.0
2020-12-04 09:00:00,6460.0
2020-12-07 09:00:00,6500.0
2020-12-08 09:00:00,6520.0
2020-12-10 09:00:00,6590.0
2020-12-11 09:00:00,6600.0
2020-12-14 09:00:00,6800.0
2020-12-15 09:00:00,6830.0
2020-12-16 09:00:00,6860.0
2020-12-17 09:00:00,6965.0
2020-12-18 09:00:00,6935.0
2020-12-21 09:00:00,6890.0
2020-12-22 09:00:00,6740.0
2020-12-23 09:00:00,6905.0
2020-12-28 09:00:00,6790.0
2020-12-29 09:00:00,6775.0
2020-12-30 09:00:00,6800.0
2021-01-04 09:00:00,6800.0
2021-01-05 09:00:00,6860.0
2021-01-06 09:00:00,7050.0
2021-01-07 09:00:00,7000.0
2021-01-08 09:00:00,7035.0
2021-01-11 09:00:00,7150.0
2021-01-12 09:00:00,7345.0
2021-01-13 09:00:00,7245.0
2021-01-14 09:00:00,7050.0
2021-01-15 09:00:00,7095.0
2021-01-18 09:00:00,6955.0
2021-01-19 09:00:00,7120.0
2021-01-20 09:00:00,7165.0
2021-01-21 09:00:00,7280.0
2021-01-22 09:00:00,7075.0
2021-01-25 09:00:00,7200.0
2021-01-26 09:00:00,6955.0
2021-01-27 09:00:00,6820.0
2021-01-28 09:00:00,6790.0
2021-01-29 09:00:00,6900.0
2021-02-01 09:00:00,6760.0
2021-02-02 09:00:00,6965.0
2021-02-03 09:00:00,7000.0
2021-02-04 09:00:00,6920.0
2021-02-05 09:00:00,6870.0
2021-02-08 09:00:00,7050.0
2021-02-09 09:00:00,7000.0
2021-02-10 09:00:00,7050.0
2021-02-11 09:00:00,6985.0
2021-02-15 09:00:00,6830.0
2021-02-16 09:00:00,6880.0
2021-02-17 09:00:00,6890.0
2021-02-18 09:00:00,6850.0
2021-02-19 09:00:00,6780.0
2021-02-22 09:00:00,6900.0
2021-02-23 09:00:00,6820.0
2021-02-24 09:00:00,6825.0
2021-02-25 09:00:00,6740.0
2021-02-26 09:00:00,6705.0
2021-03-01 09:00:00,6830.0
2021-03-02 09:00:00,7120.0
2021-03-03 09:00:00,7065.0
2021-03-04 09:00:00,6905.0
2021-03-05 09:00:00,6720.0
2021-03-08 09:00:00,6950.0
2021-03-09 09:00:00,6700.0
2021-03-10 09:00:00,6720.0
2021-03-12 09:00:00,6875.0
2021-03-15 09:00:00,6815.0
2021-03-16 09:00:00,6710.0
2021-03-17 09:00:00,6650.0
2021-03-18 09:00:00,6620.0
2021-03-19 09:00:00,6770.0
2021-03-22 09:00:00,6640.0
2021-03-23 09:00:00,6720.0
2021-03-24 09:00:00,6515.0
2021-03-25 09:00:00,6400.0
2021-03-26 09:00:00,6370.0
2021-03-29 09:00:00,6410.0
2021-03-30 09:00:00,6370.0
2021-03-31 09:00:00,6390.0
2021-04-01 09:00:00,6215.0
2021-04-05 09:00:00,6250.0
2021-04-06 09:00:00,6135.0
2021-04-07 09:00:00,6155.0
2021-04-08 09:00:00,6200.0
2021-04-09 09:00:00,6315.0
2021-04-12 09:00:00,6295.0
2021-04-13 09:00:00,6050.0
2021-04-14 09:00:00,6105.0
2021-04-15 09:00:00,6305.0
2021-04-16 09:00:00,6370.0
2021-04-19 09:00:00,6275.0
2021-04-20 09:00:00,6200.0
2021-04-21 09:00:00,6200.0
2021-04-22 09:00:00,6200.0
2021-04-23 09:00:00,6280.0
2021-04-26 09:00:00,6395.0
2021-04-27 09:00:00,6370.0
2021-04-28 09:00:00,6400.0
2021-04-29 09:00:00,6460.0
2021-04-30 09:00:00,6450.0
2021-05-03 09:00:00,6480.0
2021-05-04 09:00:00,6350.0
2021-05-05 09:00:00,6420.0
2021-05-06 09:00:00,6400.0
2021-05-07 09:00:00,6460.0
2021-05-10 09:00:00,6400.0
2021-05-11 09:00:00,6400.0
2021-05-17 09:00:00,6500.0
2021-05-18 09:00:00,6400.0
2021-05-19 09:00:00,6380.0
2021-05-20 09:00:00,6390.0
2021-05-21 09:00:00,6450.0
2021-05-24 09:00:00,6355.0
2021-05-25 09:00:00,6300.0
2021-05-27 09:00:00,6440.0
2021-05-28 09:00:00,6330.0
2021-05-31 09:00:00,6360.0
2021-06-02 09:00:00,6500.0
2021-06-03 09:00:00,6495.0
2021-06-04 09:00:00,6620.0
2021-06-07 09:00:00,6560.0
2021-06-08 09:00:00,6575.0
2021-06-09 09:00:00,6360.0
2021-06-10 09:00:00,6555.0
2021-06-11 09:00:00,6570.0
2021-06-14 09:00:00,6520.0
2021-06-15 09:00:00,6445.0
2021-06-16 09:00:00,6420.0
2021-06-17 09:00:00,6390.0
2021-06-18 09:00:00,6300.0
2021-06-21 09:00:00,6300.0
2021-06-22 09:00:00,6250.0
2021-06-23 09:00:00,6295.0
2021-06-24 09:00:00,6310.0
2021-06-25 09:00:00,6230.0
2021-06-28 09:00:00,6100.0
2021-06-29 09:00:00,6050.0
2021-06-30 09:00:00,6000.0
2021-07-01 09:00:00,6060.0
2021-07-02 09:00:00,6070.0
2021-07-05 09:00:00,6100.0
2021-07-06 09:00:00,6110.0
2021-07-07 09:00:00,6180.0
2021-07-08 09:00:00,6000.0
2021-07-09 09:00:00,6010.0
2021-07-12 09:00:00,6070.0
2021-07-13 09:00:00,6170.0
2021-07-14 09:00:00,6020.0
2021-07-15 09:00:00,6000.0
2021-07-16 09:00:00,6170.0
2021-07-19 09:00:00,6110.0
2021-07-21 09:00:00,6050.0
2021-07-22 09:00:00,6115.0
2021-07-23 09:00:00,6180.0
2021-07-26 09:00:00,6040.0
2021-07-27 09:00:00,6005.0
2021-07-28 09:00:00,6005.0
2021-07-29 09:00:00,6055.0
2021-07-30 09:00:00,6040.0
2021-08-02 09:00:00,6060.0
2021-08-03 09:00:00,6025.0
2021-08-04 09:00:00,6145.0
2021-08-05 09:00:00,6170.0
2021-08-06 09:00:00,6360.0
2021-08-09 09:00:00,6135.0
2021-08-10 09:00:00,6250.0
2021-08-12 09:00:00,6120.0
2021-08-13 09:00:00,6350.0
2021-08-16 09:00:00,6420.0
2021-08-18 09:00:00,6520.0
2021-08-19 09:00:00,6600.0
2021-08-20 09:00:00,6600.0
2021-08-23 09:00:00,6515.0
2021-08-24 09:00:00,6570.0
2021-08-25 09:00:00,6600.0
2021-08-26 09:00:00,6560.0
2021-08-27 09:00:00,6490.0
2021-08-30 09:00:00,6530.0
2021-08-31 09:00:00,6520.0
2021-09-01 09:00:00,6550.0
2021-09-02 09:00:00,6525.0
2021-09-03 09:00:00,6560.0
2021-09-06 09:00:00,6600.0
2021-09-07 09:00:00,6595.0
2021-09-08 09:00:00,6550.0
2021-09-09 09:00:00,6410.0
2021-09-10 09:00:00,6495.0
2021-09-13 09:00:00,6560.0
2021-09-14 09:00:00,6590.0
2021-09-15 09:00:00,6545.0
2021-09-16 09:00:00,6580.0
2021-09-17 09:00:00,6490.0
2021-09-20 09:00:00,6570.0
2021-09-21 09:00:00,6510.0
2021-09-22 09:00:00,6500.0
2021-09-23 09:00:00,6555.0
2021-09-24 09:00:00,6500.0
2021-09-27 09:00:00,6585.0
2021-09-28 09:00:00,6540.0
2021-09-29 09:00:00,6520.0
2021-09-30 09:00:00,6600.0
2021-10-01 09:00:00,6900.0
2021-10-04 09:00:00,6740.0
2021-10-05 09:00:00,6910.0
2021-10-06 09:00:00,6980.0
2021-10-07 09:00:00,7175.0
2021-10-08 09:00:00,7200.0
2021-10-11 09:00:00,7240.0
2021-10-12 09:00:00,7255.0
2021-10-13 09:00:00,7400.0
2021-10-14 09:00:00,7600.0
2021-10-15 09:00:00,7800.0
2021-10-18 09:00:00,7650.0
2021-10-19 09:00:00,7475.0
2021-10-21 09:00:00,7500.0
2021-10-22 09:00:00,7450.0
2021-10-25 09:00:00,7400.0
2021-10-26 09:00:00,7600.0
2021-10-27 09:00:00,7575.0
2021-10-28 09:00:00,7350.0
2021-10-29 09:00:00,7450.0
2021-11-01 09:00:00,7550.0
2021-11-02 09:00:00,7375.0
2021-11-03 09:00:00,7300.0
2021-11-04 09:00:00,7425.0
2021-11-05 09:00:00,7475.0
2021-11-08 09:00:00,7500.0
2021-11-09 09:00:00,7600.0
2021-11-10 09:00:00,7675.0
2021-11-11 09:00:00,7700.0
2021-11-12 09:00:00,7750.0
2021-11-15 09:00:00,7625.0
2021-11-16 09:00:00,7400.0
2021-11-17 09:00:00,7500.0
2021-11-18 09:00:00,7425.0
2021-11-19 09:00:00,7425.0
2021-11-22 09:00:00,7425.0
2021-11-23 09:00:00,7400.0
2021-11-24 09:00:00,7575.0
2021-11-25 09:00:00,7450.0
2021-11-26 09:00:00,7400.0
2021-11-29 09:00:00,7275.0
2021-11-30 09:00:00,7325.0
2021-12-01 09:00:00,7275.0
2021-12-02 09:00:00,7375.0
2021-12-03 09:00:00,7525.0
2021-12-06 09:00:00,7450.0
2021-12-07 09:00:00,7450.0
2021-12-08 09:00:00,7450.0
2021-12-09 09:00:00,7400.0
2021-12-10 09:00:00,7325.0
2021-12-13 09:00:00,7375.0
2021-12-14 09:00:00,7300.0
2021-12-15 09:00:00,7300.0
2021-12-16 09:00:00,7375.0
2021-12-17 09:00:00,7325.0
2021-12-20 09:00:00,7350.0
2021-12-21 09:00:00,7325.0
2021-12-22 09:00:00,7425.0
2021-12-23 09:00:00,7325.0
2021-12-24 09:00:00,7300.0
2021-12-27 09:00:00,7300.0
2021-12-28 09:00:00,7375.0
2021-12-29 09:00:00,7350.0
2021-12-30 09:00:00,7350.0
2022-01-03 09:00:00,7325.0
2022-01-04 09:00:00,7325.0
2022-01-05 09:00:00,7450.0
2022-01-06 09:00:00,7500.0
2022-01-07 09:00:00,7550.0
2022-01-10 09:00:00,7575.0
2022-01-11 09:00:00,7650.0
2022-01-12 09:00:00,7700.0
2022-01-13 09:00:00,7700.0
2022-01-14 09:00:00,7700.0
2022-01-17 09:00:00,7900.0
2022-01-18 09:00:00,7775.0
2022-01-19 09:00:00,7650.0
2022-01-20 09:00:00,7725.0
2022-01-21 09:00:00,7775.0
2022-01-24 09:00:00,7825.0
2022-01-25 09:00:00,7675.0
2022-01-26 09:00:00,7700.0
2022-01-27 09:00:00,7625.0
2022-01-28 09:00:00,7800.0
2022-01-31 09:00:00,7775.0
2022-02-02 09:00:00,7775.0
2022-02-03 09:00:00,7800.0
2022-02-04 09:00:00,7750.0
2022-02-07 09:00:00,7775.0
2022-02-08 09:00:00,7750.0
2022-02-09 09:00:00,7850.0
2022-02-10 09:00:00,7950.0
2022-02-11 09:00:00,7675.0
2022-02-14 09:00:00,7750.0
2022-02-15 09:00:00,7750.0
2022-02-16 09:00:00,7850.0
2022-02-17 09:00:00,7850.0
2022-02-18 09:00:00,7950.0
2022-02-21 09:00:00,7925.0
2022-02-22 09:00:00,7900.0
2022-02-23 09:00:00,7900.0
2022-02-24 09:00:00,8125.0
2022-02-25 09:00:00,7950.0
2022-03-01 09:00:00,8000.0
2022-03-02 09:00:00,8225.0
2022-03-04 09:00:00,7975.0
2022-03-07 09:00:00,7800.0
2022-03-08 09:00:00,7700.0
2022-03-09 09:00:00,7700.0
2022-03-10 09:00:00,7925.0
2022-03-11 09:00:00,7725.0
2022-03-14 09:00:00,8050.0
2022-03-15 09:00:00,8150.0
2022-03-16 09:00:00,8275.0
2022-03-17 09:00:00,8300.0
2022-03-18 09:00:00,8000.0
2022-03-21 09:00:00,7800.0
2022-03-22 09:00:00,7900.0
2022-03-23 09:00:00,7925.0
2022-03-24 09:00:00,7850.0
2022-03-25 09:00:00,7900.0
2022-03-28 09:00:00,7825.0
2022-03-29 09:00:00,7875.0
2022-03-30 09:00:00,7900.0
2022-03-31 09:00:00,7925.0
2022-04-01 09:00:00,8075.0
2022-04-04 09:00:00,7925.0
2022-04-05 09:00:00,7900.0
2022-04-06 09:00:00,7825.0
2022-04-07 09:00:00,7725.0
2022-04-08 09:00:00,7800.0
2022-04-11 09:00:00,7825.0
2022-04-12 09:00:00,7725.0
2022-04-13 09:00:00,7800.0
2022-04-14 09:00:00,7800.0
2022-04-18 09:00:00,7700.0
2022-04-19 09:00:00,7700.0
2022-04-20 09:00:00,7725.0
2022-04-21 09:00:00,7800.0
2022-04-22 09:00:00,7850.0
2022-04-25 09:00:00,7875.0
2022-04-26 09:00:00,7925.0
2022-04-27 09:00:00,8075.0
2022-04-28 09:00:00,8250.0
2022-05-09 09:00:00,7875.0
2022-05-10 09:00:00,7250.0
2022-05-11 09:00:00,7525.0
2022-05-12 09:00:00,7525.0
2022-05-13 09:00:00,7250.0
2022-05-17 09:00:00,7275.0
2022-05-18 09:00:00,7500.0
2022-05-19 09:00:00,7400.0
2022-05-20 09:00:00,7425.0
2022-05-23 09:00:00,7450.0
2022-05-24 09:00:00,7325.0
2022-05-25 09:00:00,7400.0
2022-05-27 09:00:00,7525.0
2022-05-30 09:00:00,7575.0
2022-05-31 09:00:00,7600.0
2022-06-02 09:00:00,7625.0
2022-06-03 09:00:00,7600.0
2022-06-06 09:00:00,7550.0
2022-06-07 09:00:00,7300.0
2022-06-08 09:00:00,7500.0
2022-06-09 09:00:00,7500.0
2022-06-10 09:00:00,7400.0
2022-06-13 09:00:00,7300.0
2022-06-14 09:00:00,7300.0
2022-06-15 09:00:00,7300.0
2022-06-16 09:00:00,7400.0
2022-06-17 09:00:00,7425.0
2022-06-20 09:00:00,7600.0
2022-06-21 09:00:00,7600.0
2022-06-22 09:00:00,7625.0
2022-06-23 09:00:00,7450.0
2022-06-24 09:00:00,7600.0
2022-06-27 09:00:00,7475.0
2022-06-28 09:00:00,7300.0
2022-06-29 09:00:00,7325.0
2022-06-30 09:00:00,7300.0
2022-07-01 09:00:00,7300.0
2022-07-04 09:00:00,7250.0
2022-07-05 09:00:00,7100.0
2022-07-06 09:00:00,7300.0
2022-07-07 09:00:00,7225.0
2022-07-08 09:00:00,7125.0
2022-07-11 09:00:00,7200.0
2022-07-12 09:00:00,7175.0
2022-07-13 09:00:00,7100.0
2022-07-14 09:00:00,7025.0
2022-07-15 09:00:00,7100.0
2022-07-18 09:00:00,7025.0
2022-07-19 09:00:00,7100.0
2022-07-20 09:00:00,7200.0
2022-07-21 09:00:00,7400.0
2022-07-22 09:00:00,7400.0
2022-07-25 09:00:00,7350.0
2022-07-26 09:00:00,7250.0
2022-07-27 09:00:00,7325.0
2022-07-28 09:00:00,7375.0
2022-07-29 09:00:00,7400.0
2022-08-01 09:00:00,7350.0
2022-08-02 09:00:00,7600.0
2022-08-03 09:00:00,7625.0
2022-08-04 09:00:00,7675.0
2022-08-05 09:00:00,7825.0
2022-08-08 09:00:00,7875.0
2022-08-09 09:00:00,7875.0
2022-08-10 09:00:00,7800.0
2022-08-11 09:00:00,7850.0
2022-08-12 09:00:00,7925.0
2022-08-15 09:00:00,7950.0
2022-08-16 09:00:00,7950.0
2022-08-18 09:00:00,7900.0
2022-08-19 09:00:00,8050.0
2022-08-22 09:00:00,7850.0
2022-08-23 09:00:00,8000.0
2022-08-24 09:00:00,7950.0
2022-08-25 09:00:00,8000.0
2022-08-26 09:00:00,8025.0
2022-08-29 09:00:00,8000.0
2022-08-30 09:00:00,8100.0
2022-08-31 09:00:00,8075.0
2022-09-01 09:00:00,8150.0
2022-09-02 09:00:00,8150.0
2022-09-05 09:00:00,8225.0
2022-09-06 09:00:00,8300.0
2022-09-07 09:00:00,8250.0
2022-09-08 09:00:00,8400.0
2022-09-09 09:00:00,8500.0
2022-09-12 09:00:00,8325.0
2022-09-13 09:00:00,8375.0
2022-09-14 09:00:00,8375.0
2022-09-15 09:00:00,8500.0
2022-09-16 09:00:00,8700.0
2022-09-19 09:00:00,8475.0
2022-09-20 09:00:00,8550.0
2022-09-21 09:00:00,8525.0
2022-09-22 09:00:00,8375.0
2022-09-23 09:00:00,8375.0
2022-09-26 09:00:00,8200.0
2022-09-27 09:00:00,8375.0
2022-09-28 09:00:00,8250.0
2022-09-29 09:00:00,8325.0
2022-09-30 09:00:00,8375.0
2022-10-03 09:00:00,8450.0
2022-10-04 09:00:00,8525.0
2022-10-05 09:00:00,8525.0
2022-10-06 09:00:00,8475.0
2022-10-07 09:00:00,8325.0
2022-10-10 09:00:00,8150.0
2022-10-11 09:00:00,8200.0
2022-10-12 09:00:00,8200.0
2022-10-13 09:00:00,8275.0
2022-10-14 09:00:00,8300.0
2022-10-17 09:00:00,8250.0
2022-10-18 09:00:00,8275.0
2022-10-19 09:00:00,8250.0
2022-10-20 09:00:00,8250.0
2022-10-21 09:00:00,8450.0
2022-10-24 09:00:00,8750.0
2022-10-25 09:00:00,8825.0
2022-10-26 09:00:00,8625.0
2022-10-27 09:00:00,8550.0
2022-10-28 09:00:00,8650.0
2022-10-31 09:00:00,8850.0
2022-11-01 09:00:00,9000.0
2022-11-02 09:00:00,8800.0
2022-11-03 09:00:00,8700.0
2022-11-04 09:00:00,8775.0
2022-11-07 09:00:00,8725.0
2022-11-08 09:00:00,8850.0
2022-11-09 09:00:00,8675.0
2022-11-10 09:00:00,8725.0
2022-11-11 09:00:00,8900.0
2022-11-14 09:00:00,8875.0
2022-11-15 09:00:00,8775.0
2022-11-16 09:00:00,8625.0
2022-11-17 09:00:00,8625.0
2022-11-18 09:00:00,8725.0
2022-11-21 09:00:00,8875.0
2022-11-22 09:00:00,8900.0
2022-11-23 09:00:00,8900.0
2022-11-24 09:00:00,8975.0
2022-11-25 09:00:00,9000.0
2022-11-28 09:00:00,9050.0
2022-11-29 09:00:00,8975.0
2022-11-30 09:00:00,8875.0
2022-12-01 09:00:00,9275.0
2022-12-02 09:00:00,8900.0
2022-12-05 09:00:00,8800.0
2022-12-06 09:00:00,8725.0
2022-12-07 09:00:00,8500.0
2022-12-08 09:00:00,8375.0
2022-12-09 09:00:00,8500.0
2022-12-12 09:00:00,8525.0
2022-12-13 09:00:00,8625.0
2022-12-14 09:00:00,8600.0
2022-12-15 09:00:00,8575.0
2022-12-16 09:00:00,8425.0
2022-12-19 09:00:00,8650.0
2022-12-20 09:00:00,8550.0
2022-12-21 09:00:00,8600.0
2022-12-22 09:00:00,8650.0
2022-12-23 09:00:00,8525.0
2022-12-26 09:00:00,8500.0
2022-12-27 09:00:00,8600.0
2022-12-28 09:00:00,8650.0
2022-12-29 09:00:00,8525.0
2022-12-30 09:00:00,8575.0
2023-01-02 09:00:00,8575.0
2023-01-03 09:00:00,8550.0
2023-01-04 09:00:00,8525.0
2023-01-05 09:00:00,8350.0
2023-01-06 09:00:00,8100.0
2023-01-09 09:00:00,8325.0
2023-01-10 09:00:00,8400.0
2023-01-11 09:00:00,8050.0
2023-01-12 09:00:00,8150.0
2023-01-13 09:00:00,8150.0
2023-01-16 09:00:00,8050.0
2023-01-17 09:00:00,8175.0
2023-01-18 09:00:00,8200.0
2023-01-19 09:00:00,8350.0
2023-01-20 09:00:00,8275.0
2023-01-24 09:00:00,8300.0
2023-01-25 09:00:00,8300.0
2023-01-26 09:00:00,8225.0
2023-01-27 09:00:00,8700.0
2023-01-30 09:00:00,8725.0
2023-01-31 09:00:00,8625.0
2023-02-01 09:00:00,8575.0
2023-02-02 09:00:00,8425.0
2023-02-03 09:00:00,8550.0
2023-02-06 09:00:00,8750.0
2023-02-07 09:00:00,8775.0
2023-02-08 09:00:00,8825.0
2023-02-09 09:00:00,8825.0
2023-02-10 09:00:00,8875.0
2023-02-13 09:00:00,8875.0
2023-02-14 09:00:00,8850.0
2023-02-15 09:00:00,8875.0
2023-02-16 09:00:00,8825.0
2023-02-17 09:00:00,8775.0
2023-02-20 09:00:00,8725.0
2023-02-21 09:00:00,8775.0
2023-02-22 09:00:00,8700.0
2023-02-23 09:00:00,8625.0
2023-02-24 09:00:00,8775.0
2023-02-27 09:00:00,8675.0
2023-02-28 09:00:00,8775.0
2023-03-01 09:00:00,8725.0
2023-03-02 09:00:00,8600.0
2023-03-03 09:00:00,8650.0
2023-03-06 09:00:00,8550.0
2023-03-07 09:00:00,8350.0
2023-03-08 09:00:00,8400.0
2023-03-09 09:00:00,8650.0
2023-03-10 09:00:00,8500.0
2023-03-13 09:00:00,8450.0
2023-03-14 09:00:00,8425.0
2023-03-15 09:00:00,8450.0
2023-03-16 09:00:00,8300.0
2023-03-17 09:00:00,8375.0
2023-03-20 09:00:00,8400.0
2023-03-21 09:00:00,8400.0
2023-03-24 09:00:00,8700.0
2023-03-27 09:00:00,8825.0
2023-03-28 09:00:00,8800.0
2023-03-29 09:00:00,8675.0
2023-03-30 09:00:00,8900.0
2023-03-31 09:00:00,8825.0
2023-04-03 09:00:00,8825.0
2023-04-04 09:00:00,8825.0
2023-04-05 09:00:00,8775.0
2023-04-06 09:00:00,8700.0
2023-04-10 09:00:00,8725.0
2023-04-11 09:00:00,8825.0
2023-04-12 09:00:00,8900.0
2023-04-13 09:00:00,8950.0
2023-04-14 09:00:00,9000.0
2023-04-17 09:00:00,9025.0
2023-04-18 09:00:00,9050.0
2023-04-26 09:00:00,9125.0
2023-04-27 09:00:00,9100.0
2023-04-28 09:00:00,9100.0
2023-05-02 09:00:00,9100.0
2023-05-03 09:00:00,9050.0
2023-05-04 09:00:00,8925.0
2023-05-05 09:00:00,9000.0
2023-05-08 09:00:00,9000.0
2023-05-09 09:00:00,8950.0
2023-05-10 09:00:00,8925.0
2023-05-11 09:00:00,8900.0
2023-05-12 09:00:00,8750.0
2023-05-15 09:00:00,8875.0
2023-05-16 09:00:00,8800.0
2023-05-17 09:00:00,8775.0
2023-05-19 09:00:00,8900.0
2023-05-22 09:00:00,9000.0
2023-05-23 09:00:00,9050.0
2023-05-24 09:00:00,9200.0
2023-05-25 09:00:00,9100.0
2023-05-26 09:00:00,9175.0
2023-05-29 09:00:00,9250.0
2023-05-30 09:00:00,9200.0
2023-05-31 09:00:00,9300.0
2023-06-05 09:00:00,9150.0
2023-06-06 09:00:00,9050.0
2023-06-07 09:00:00,9125.0
2023-06-08 09:00:00,9075.0
2023-06-09 09:00:00,9175.0
2023-06-12 09:00:00,9150.0
2023-06-13 09:00:00,9175.0
2023-06-14 09:00:00,9100.0
2023-06-15 09:00:00,9100.0
2023-06-16 09:00:00,9100.0
2023-06-19 09:00:00,9000.0
2023-06-20 09:00:00,9025.0
2023-06-21 09:00:00,9050.0
2023-06-22 09:00:00,9125.0
2023-06-23 09:00:00,9025.0
2023-06-26 09:00:00,9025.0
2023-06-27 09:00:00,9050.0
2023-07-03 09:00:00,9025.0
2023-07-04 09:00:00,9150.0
2023-07-05 09:00:00,9050.0
2023-07-06 09:00:00,9050.0
2023-07-07 09:00:00,9025.0
2023-07-10 09:00:00,9100.0
2023-07-11 09:00:00,9100.0
2023-07-12 09:00:00,9075.0
2023-07-13 09:00:00,9200.0
2023-07-14 09:00:00,9175.0
2023-07-17 09:00:00,9200.0
2023-07-18 09:00:00,9200.0
2023-07-20 09:00:00,9200.0
2023-07-21 09:00:00,9150.0
2023-07-24 09:00:00,9200.0
2023-07-25 09:00:00,9175.0
2023-07-26 09:00:00,9175.0
2023-07-27 09:00:00,9400.0
2023-07-28 09:00:00,9200.0
2023-07-31 09:00:00,9175.0
2023-08-01 09:00:00,9175.0
2023-08-02 09:00:00,9125.0
2023-08-03 09:00:00,9150.0
2023-08-04 09:00:00,9250.0
2023-08-07 09:00:00,9150.0
2023-08-08 09:00:00,9275.0
2023-08-09 09:00:00,9275.0
2023-08-10 09:00:00,9400.0
2023-08-11 09:00:00,9425.0
2023-08-14 09:00:00,9325.0
2023-08-15 09:00:00,9325.0
2023-08-16 09:00:00,9275.0
2023-08-18 09:00:00,9250.0
2023-08-21 09:00:00,9225.0
2023-08-22 09:00:00,9150.0
2023-08-23 09:00:00,9300.0
2023-08-24 09:00:00,9250.0
2023-08-25 09:00:00,9200.0
2023-08-28 09:00:00,9250.0
2023-08-29 09:00:00,9275.0
2023-08-30 09:00:00,9300.0
2023-08-31 09:00:00,9200.0
2023-09-01 09:00:00,9200.0
2023-09-04 09:00:00,9225.0
2023-09-05 09:00:00,9250.0
2023-09-06 09:00:00,9200.0
2023-09-07 09:00:00,9125.0
2023-09-08 09:00:00,9100.0
2023-09-11 09:00:00,9075.0
2023-09-12 09:00:00,9100.0
2023-09-13 09:00:00,9050.0
2023-09-14 09:00:00,9000.0
2023-09-15 09:00:00,9050.0
2023-09-18 09:00:00,9050.0
2023-09-19 09:00:00,9000.0
2023-09-20 09:00:00,9125.0
2023-09-21 09:00:00,9125.0
2023-09-22 09:00:00,9125.0
2023-09-25 09:00:00,9075.0
2023-09-26 09:00:00,9000.0
2023-09-27 09:00:00,8900.0
2023-09-29 09:00:00,8825.0
2023-10-02 09:00:00,8900.0
2023-10-03 09:00:00,9075.0
2023-10-04 09:00:00,9200.0
2023-10-05 09:00:00,9200.0
2023-10-06 09:00:00,9100.0
2023-10-09 09:00:00,9025.0
2023-10-10 09:00:00,9000.0
2023-10-11 09:00:00,8925.0
2023-10-12 09:00:00,9000.0
2023-10-13 09:00:00,9100.0
2023-10-16 09:00:00,9125.0
2023-10-17 09:00:00,9050.0
2023-10-18 09:00:00,8925.0
2023-10-19 09:00:00,8825.0
2023-10-20 09:00:00,8725.0
2023-10-23 09:00:00,8875.0
2023-10-24 09:00:00,8775.0
2023-10-25 09:00:00,8825.0
2023-10-26 09:00:00,8925.0
2023-10-27 09:00:00,8725.0
2023-10-30 09:00:00,8700.0
2023-10-31 09:00:00,8800.0
2023-11-01 09:00:00,8750.0
2023-11-02 09:00:00,8725.0
2023-11-03 09:00:00,8925.0
2023-11-06 09:00:00,8975.0
2023-11-07 09:00:00,9000.0
2023-11-08 09:00:00,8950.0
2023-11-09 09:00:00,8900.0
2023-11-10 09:00:00,8950.0
2023-11-13 09:00:00,8875.0
2023-11-14 09:00:00,8900.0
2023-11-15 09:00:00,8975.0
2023-11-16 09:00:00,9050.0
2023-11-17 09:00:00,9025.0
2023-11-20 09:00:00,8975.0
2023-11-21 09:00:00,8825.0
2023-11-22 09:00:00,8775.0
2023-11-23 09:00:00,8850.0
2023-11-24 09:00:00,8925.0
2023-11-27 09:00:00,8900.0
2023-11-28 09:00:00,8875.0
2023-11-29 09:00:00,8900.0
2023-11-30 09:00:00,8925.0
2023-12-01 09:00:00,8925.0
2023-12-04 09:00:00,8950.0
2023-12-05 09:00:00,8950.0
2023-12-06 09:00:00,8850.0
2023-12-07 09:00:00,8750.0
2023-12-08 09:00:00,8800.0
2023-12-11 09:00:00,8675.0
2023-12-12 09:00:00,8700.0
2023-12-13 09:00:00,8700.0
2023-12-14 09:00:00,8775.0
2023-12-15 09:00:00,9125.0
2023-12-18 09:00:00,9200.0
2023-12-19 09:00:00,9125.0
2023-12-20 09:00:00,9250.0
2023-12-21 09:00:00,9300.0
2023-12-22 09:00:00,9275.0
2023-12-27 09:00:00,9375.0
2023-12-28 09:00:00,9325.0
2023-12-29 09:00:00,9425.0
2024-01-02 09:00:00,9400.0
2024-01-03 09:00:00,9425.0
2024-01-04 09:00:00,9400.0
2024-01-05 09:00:00,9500.0
2024-01-08 09:00:00,9600.0
2024-01-09 09:00:00,9600.0
2024-01-10 09:00:00,9650.0
2024-01-11 09:00:00,9625.0
2024-01-12 09:00:00,9650.0
2024-01-15 09:00:00,9750.0
2024-01-16 09:00:00,9700.0
2024-01-17 09:00:00,9750.0
2024-01-18 09:00:00,9675.0
2024-01-19 09:00:00,9775.0
2024-01-22 09:00:00,9600.0
