Date,Open
2013-01-01,
2013-01-02,1820.0
2013-01-03,1830.0
2013-01-04,1840.0
2013-01-05,1830.0
2013-01-06,1820.0
2013-01-07,1810.0
2013-01-08,1840.0
2013-01-09,1840.0
2013-01-10,1810.0
2013-01-11,1780.0
2013-01-12,1783.3333333333333
2013-01-13,1786.6666666666667
2013-01-14,1790.0
2013-01-15,1830.0
2013-01-16,1810.0
2013-01-17,1840.0
2013-01-18,1820.0
2013-01-19,1846.6666666666667
2013-01-20,1873.3333333333333
2013-01-21,1900.0
2013-01-22,1840.0
2013-01-23,1860.0
2013-01-24,1860.0
2013-01-25,1860.0
2013-01-26,1860.0
2013-01-27,1860.0
2013-01-28,1860.0
2013-01-29,1880.0
2013-01-30,1900.0
2013-01-31,1900.0
2013-02-01,1930.0
2013-02-02,1950.0
2013-02-03,1970.0
2013-02-04,1990.0
2013-02-05,2000.0
2013-02-06,2000.0
2013-02-07,1980.0
2013-02-08,2020.0
2013-02-09,2020.0
2013-02-10,2020.0
2013-02-11,2020.0
2013-02-12,2030.0
2013-02-13,2000.0
2013-02-14,2000.0
2013-02-15,2000.0
2013-02-16,2003.3333333333333
2013-02-17,2006.6666666666667
2013-02-18,2010.0
2013-02-19,2040.0
2013-02-20,2060.0
2013-02-21,2040.0
2013-02-22,2070.0
2013-02-23,2090.0
2013-02-24,2110.0
2013-02-25,2130.0
2013-02-26,2200.0
2013-02-27,2160.0
2013-02-28,2150.0
2013-03-01,2180.0
2013-03-02,2170.0
2013-03-03,2160.0
2013-03-04,2150.0
2013-03-05,2160.0
2013-03-06,2120.0
2013-03-07,2140.0
2013-03-08,2160.0
2013-03-09,2160.0
2013-03-10,2160.0
2013-03-11,2160.0
2013-03-12,2145.0
2013-03-13,2130.0
2013-03-14,2140.0
2013-03-15,2140.0
2013-03-16,2136.6666666666665
2013-03-17,2133.3333333333335
2013-03-18,2130.0
2013-03-19,2140.0
2013-03-20,2160.0
2013-03-21,2180.0
2013-03-22,2140.0
2013-03-23,2126.6666666666665
2013-03-24,2113.3333333333335
2013-03-25,2100.0
2013-03-26,2170.0
2013-03-27,2140.0
2013-03-28,2220.0
2013-03-29,2215.0
2013-03-30,2210.0
2013-03-31,2205.0
2013-04-01,2200.0
2013-04-02,2240.0
2013-04-03,2240.0
2013-04-04,2240.0
2013-04-05,2190.0
2013-04-06,2193.3333333333335
2013-04-07,2196.6666666666665
2013-04-08,2200.0
2013-04-09,2160.0
2013-04-10,2140.0
2013-04-11,2130.0
2013-04-12,2170.0
2013-04-13,2166.6666666666665
2013-04-14,2163.3333333333335
2013-04-15,2160.0
2013-04-16,2130.0
2013-04-17,2170.0
2013-04-18,2180.0
2013-04-19,2210.0
2013-04-20,2206.6666666666665
2013-04-21,2203.3333333333335
2013-04-22,2200.0
2013-04-23,2160.0
2013-04-24,2160.0
2013-04-25,2190.0
2013-04-26,2220.0
2013-04-27,2206.6666666666665
2013-04-28,2193.3333333333335
2013-04-29,2180.0
2013-04-30,2190.0
2013-05-01,2140.0
2013-05-02,2140.0
2013-05-03,2150.0
2013-05-04,2153.3333333333335
2013-05-05,2156.6666666666665
2013-05-06,2160.0
2013-05-07,2200.0
2013-05-08,2200.0
2013-05-09,2200.0
2013-05-10,2200.0
2013-05-11,2200.0
2013-05-12,2200.0
2013-05-13,2200.0
2013-05-14,2220.0
2013-05-15,2210.0
2013-05-16,2190.0
2013-05-17,2160.0
2013-05-18,2176.6666666666665
2013-05-19,2193.3333333333335
2013-05-20,2210.0
2013-05-21,2200.0
2013-05-22,2200.0
2013-05-23,2200.0
2013-05-24,2190.0
2013-05-25,2193.3333333333335
2013-05-26,2196.6666666666665
2013-05-27,2200.0
2013-05-28,2130.0
2013-05-29,2170.0
2013-05-30,2170.0
2013-05-31,2160.0
2013-06-01,2130.0
2013-06-02,2100.0
2013-06-03,2070.0
2013-06-04,1980.0
2013-06-05,2020.0
2013-06-06,2010.0
2013-06-07,2000.0
2013-06-08,1980.0
2013-06-09,1960.0
2013-06-10,1940.0
2013-06-11,1870.0
2013-06-12,1830.0
2013-06-13,1840.0
2013-06-14,1910.0
2013-06-15,1926.6666666666667
2013-06-16,1943.3333333333333
2013-06-17,1960.0
2013-06-18,2020.0
2013-06-19,2010.0
2013-06-20,1930.0
2013-06-21,1850.0
2013-06-22,1850.0
2013-06-23,1850.0
2013-06-24,1850.0
2013-06-25,1850.0
2013-06-26,1830.0
2013-06-27,1890.0
2013-06-28,1920.0
2013-06-29,1943.3333333333333
2013-06-30,1966.6666666666667
2013-07-01,1990.0
2013-07-02,2000.0
2013-07-03,1980.0
2013-07-04,1900.0
2013-07-05,1940.0
2013-07-06,1926.6666666666667
2013-07-07,1913.3333333333333
2013-07-08,1900.0
2013-07-09,1860.0
2013-07-10,1840.0
2013-07-11,1920.0
2013-07-12,1980.0
2013-07-13,2000.0
2013-07-14,2020.0
2013-07-15,2040.0
2013-07-16,2040.0
2013-07-17,2030.0
2013-07-18,2040.0
2013-07-19,2030.0
2013-07-20,2036.6666666666667
2013-07-21,2043.3333333333333
2013-07-22,2050.0
2013-07-23,2030.0
2013-07-24,2070.0
2013-07-25,2070.0
2013-07-26,2040.0
2013-07-27,2040.0
2013-07-28,2040.0
2013-07-29,2040.0
2013-07-30,2060.0
2013-07-31,2080.0
2013-08-01,2080.0
2013-08-02,2100.0
2013-08-03,2100.0
2013-08-04,2100.0
2013-08-05,2100.0
2013-08-06,2100.0
2013-08-07,2100.0
2013-08-08,2100.0
2013-08-09,2100.0
2013-08-10,2100.0
2013-08-11,2100.0
2013-08-12,2100.0
2013-08-13,2040.0
2013-08-14,2110.0
2013-08-15,2180.0
2013-08-16,2120.0
2013-08-17,2103.3333333333335
2013-08-18,2086.6666666666665
2013-08-19,2070.0
2013-08-20,1900.0
2013-08-21,1900.0
2013-08-22,1860.0
2013-08-23,1900.0
2013-08-24,1880.0
2013-08-25,1860.0
2013-08-26,1840.0
2013-08-27,1800.0
2013-08-28,1740.0
2013-08-29,1800.0
2013-08-30,1780.0
2013-08-31,1793.3333333333333
2013-09-01,1806.6666666666667
2013-09-02,1820.0
2013-09-03,1810.0
2013-09-04,1770.0
2013-09-05,1740.0
2013-09-06,1740.0
2013-09-07,1750.0
2013-09-08,1760.0
2013-09-09,1770.0
2013-09-10,1890.0
2013-09-11,1960.0
2013-09-12,1930.0
2013-09-13,1970.0
2013-09-14,1983.3333333333333
2013-09-15,1996.6666666666667
2013-09-16,2010.0
2013-09-17,2010.0
2013-09-18,2000.0
2013-09-19,2120.0
2013-09-20,2150.0
2013-09-21,2103.3333333333335
2013-09-22,2056.6666666666665
2013-09-23,2010.0
2013-09-24,2130.0
2013-09-25,2060.0
2013-09-26,2090.0
2013-09-27,2090.0
2013-09-28,2083.3333333333335
2013-09-29,2076.6666666666665
2013-09-30,2070.0
2013-10-01,1950.0
2013-10-02,2000.0
2013-10-03,2060.0
2013-10-04,2060.0
2013-10-05,2070.0
2013-10-06,2080.0
2013-10-07,2090.0
2013-10-08,2050.0
2013-10-09,2060.0
2013-10-10,2070.0
2013-10-11,2140.0
2013-10-12,2140.0
2013-10-13,2140.0
2013-10-14,2140.0
2013-10-15,2140.0
2013-10-16,2140.0
2013-10-17,2110.0
2013-10-18,2110.0
2013-10-19,2106.6666666666665
2013-10-20,2103.3333333333335
2013-10-21,2100.0
2013-10-22,2110.0
2013-10-23,2110.0
2013-10-24,2100.0
2013-10-25,2110.0
2013-10-26,2123.3333333333335
2013-10-27,2136.6666666666665
2013-10-28,2150.0
2013-10-29,2110.0
2013-10-30,2080.0
2013-10-31,2090.0
2013-11-01,2050.0
2013-11-02,2053.3333333333335
2013-11-03,2056.6666666666665
2013-11-04,2060.0
2013-11-05,2065.0
2013-11-06,2070.0
2013-11-07,2090.0
2013-11-08,2090.0
2013-11-09,2086.6666666666665
2013-11-10,2083.3333333333335
2013-11-11,2080.0
2013-11-12,2050.0
2013-11-13,2000.0
2013-11-14,1990.0
2013-11-15,2020.0
2013-11-16,2030.0
2013-11-17,2040.0
2013-11-18,2050.0
2013-11-19,2060.0
2013-11-20,2040.0
2013-11-21,1980.0
2013-11-22,2000.0
2013-11-23,2013.3333333333333
2013-11-24,2026.6666666666667
2013-11-25,2040.0
2013-11-26,2000.0
2013-11-27,1940.0
2013-11-28,1950.0
2013-11-29,1940.0
2013-11-30,1936.6666666666667
2013-12-01,1933.3333333333333
2013-12-02,1930.0
2013-12-03,1960.0
2013-12-04,1960.0
2013-12-05,1930.0
2013-12-06,1900.0
2013-12-07,1906.6666666666667
2013-12-08,1913.3333333333333
2013-12-09,1920.0
2013-12-10,1860.0
2013-12-11,1930.0
2013-12-12,1960.0
2013-12-13,1910.0
2013-12-14,1910.0
2013-12-15,1910.0
2013-12-16,1910.0
2013-12-17,1870.0
2013-12-18,1900.0
2013-12-19,1920.0
2013-12-20,1910.0
2013-12-21,1896.6666666666667
2013-12-22,1883.3333333333333
2013-12-23,1870.0
2013-12-24,1900.0
2013-12-25,1903.3333333333333
2013-12-26,1906.6666666666667
2013-12-27,1910.0
2013-12-28,1910.0
2013-12-29,1910.0
2013-12-30,1910.0
2013-12-31,1920.0
2014-01-01,1930.0
2014-01-02,1940.0
2014-01-03,1940.0
2014-01-04,1920.0
2014-01-05,1900.0
2014-01-06,1880.0
2014-01-07,1870.0
2014-01-08,1880.0
2014-01-09,1860.0
2014-01-10,1880.0
2014-01-11,1883.3333333333333
2014-01-12,1886.6666666666667
2014-01-13,1890.0
2014-01-14,1930.0
2014-01-15,1970.0
2014-01-16,2010.0
2014-01-17,2000.0
2014-01-18,2000.0
2014-01-19,2000.0
2014-01-20,2000.0
2014-01-21,1955.0
2014-01-22,1965.0
2014-01-23,2000.0
2014-01-24,2020.0
2014-01-25,2010.0
2014-01-26,2000.0
2014-01-27,1990.0
2014-01-28,1960.0
2014-01-29,2010.0
2014-01-30,1970.0
2014-01-31,1972.5
2014-02-01,1975.0
2014-02-02,1977.5
2014-02-03,1980.0
2014-02-04,1950.0
2014-02-05,1980.0
2014-02-06,1975.0
2014-02-07,2050.0
2014-02-08,2053.3333333333335
2014-02-09,2056.6666666666665
2014-02-10,2060.0
2014-02-11,2020.0
2014-02-12,2050.0
2014-02-13,2070.0
2014-02-14,2080.0
2014-02-15,2085.0
2014-02-16,2090.0
2014-02-17,2095.0
2014-02-18,2095.0
2014-02-19,2080.0
2014-02-20,2045.0
2014-02-21,2100.0
2014-02-22,2098.3333333333335
2014-02-23,2096.6666666666665
2014-02-24,2095.0
2014-02-25,2080.0
2014-02-26,2080.0
2014-02-27,2055.0
2014-02-28,2060.0
2014-03-01,2053.3333333333335
2014-03-02,2046.6666666666667
2014-03-03,2040.0
2014-03-04,2050.0
2014-03-05,2105.0
2014-03-06,2120.0
2014-03-07,2120.0
2014-03-08,2120.0
2014-03-09,2120.0
2014-03-10,2120.0
2014-03-11,2095.0
2014-03-12,2075.0
2014-03-13,2090.0
2014-03-14,2065.0
2014-03-15,2115.0
2014-03-16,2165.0
2014-03-17,2215.0
2014-03-18,2200.0
2014-03-19,2160.0
2014-03-20,2120.0
2014-03-21,2085.0
2014-03-22,2078.3333333333335
2014-03-23,2071.6666666666665
2014-03-24,2065.0
2014-03-25,2065.0
2014-03-26,2075.0
2014-03-27,2090.0
2014-03-28,2100.0
2014-03-29,2110.0
2014-03-30,2120.0
2014-03-31,2130.0
2014-04-01,2140.0
2014-04-02,2190.0
2014-04-03,2190.0
2014-04-04,2205.0
2014-04-05,2196.6666666666665
2014-04-06,2188.3333333333335
2014-04-07,2180.0
2014-04-08,2175.0
2014-04-09,2130.0
2014-04-10,2085.0
2014-04-11,2160.0
2014-04-12,2176.6666666666665
2014-04-13,2193.3333333333335
2014-04-14,2210.0
2014-04-15,2205.0
2014-04-16,2210.0
2014-04-17,2220.0
2014-04-18,2225.0
2014-04-19,2230.0
2014-04-20,2235.0
2014-04-21,2240.0
2014-04-22,2190.0
2014-04-23,2180.0
2014-04-24,2210.0
2014-04-25,2200.0
2014-04-26,2201.6666666666665
2014-04-27,2203.3333333333335
2014-04-28,2205.0
2014-04-29,2180.0
2014-04-30,2200.0
2014-05-01,2210.0
2014-05-02,2220.0
2014-05-03,2211.6666666666665
2014-05-04,2203.3333333333335
2014-05-05,2195.0
2014-05-06,2200.0
2014-05-07,2200.0
2014-05-08,2235.0
2014-05-09,2190.0
2014-05-10,2206.6666666666665
2014-05-11,2223.3333333333335
2014-05-12,2240.0
2014-05-13,2240.0
2014-05-14,2260.0
2014-05-15,2242.5
2014-05-16,2225.0
2014-05-17,2243.3333333333335
2014-05-18,2261.6666666666665
2014-05-19,2280.0
2014-05-20,2275.0
2014-05-21,2240.0
2014-05-22,2255.0
2014-05-23,2265.0
2014-05-24,2268.3333333333335
2014-05-25,2271.6666666666665
2014-05-26,2275.0
2014-05-27,2262.5
2014-05-28,2250.0
2014-05-29,2255.0
2014-05-30,2260.0
2014-05-31,2240.0
2014-06-01,2220.0
2014-06-02,2200.0
2014-06-03,2230.0
2014-06-04,2220.0
2014-06-05,2200.0
2014-06-06,2205.0
2014-06-07,2206.6666666666665
2014-06-08,2208.3333333333335
2014-06-09,2210.0
2014-06-10,2215.0
2014-06-11,2220.0
2014-06-12,2250.0
2014-06-13,2245.0
2014-06-14,2236.6666666666665
2014-06-15,2228.3333333333335
2014-06-16,2220.0
2014-06-17,2180.0
2014-06-18,2205.0
2014-06-19,2200.0
2014-06-20,2210.0
2014-06-21,2206.6666666666665
2014-06-22,2203.3333333333335
2014-06-23,2200.0
2014-06-24,2205.0
2014-06-25,2200.0
2014-06-26,2180.0
2014-06-27,2170.0
2014-06-28,2168.3333333333335
2014-06-29,2166.6666666666665
2014-06-30,2165.0
2014-07-01,2175.0
2014-07-02,2200.0
2014-07-03,2215.0
2014-07-04,2200.0
2014-07-05,2213.3333333333335
2014-07-06,2226.6666666666665
2014-07-07,2240.0
2014-07-08,2245.0
2014-07-09,2277.5
2014-07-10,2310.0
2014-07-11,2290.0
2014-07-12,2285.0
2014-07-13,2280.0
2014-07-14,2275.0
2014-07-15,2270.0
2014-07-16,2300.0
2014-07-17,2360.0
2014-07-18,2320.0
2014-07-19,2323.3333333333335
2014-07-20,2326.6666666666665
2014-07-21,2330.0
2014-07-22,2350.0
2014-07-23,2335.0
2014-07-24,2335.0
2014-07-25,2325.0
2014-07-26,2327.0
2014-07-27,2329.0
2014-07-28,2331.0
2014-07-29,2333.0
2014-07-30,2335.0
2014-07-31,2337.0
2014-08-01,2339.0
2014-08-02,2341.0
2014-08-03,2343.0
2014-08-04,2345.0
2014-08-05,2350.0
2014-08-06,2315.0
2014-08-07,2340.0
2014-08-08,2335.0
2014-08-09,2345.0
2014-08-10,2355.0
2014-08-11,2365.0
2014-08-12,2360.0
2014-08-13,2350.0
2014-08-14,2360.0
2014-08-15,2360.0
2014-08-16,2356.6666666666665
2014-08-17,2353.3333333333335
2014-08-18,2350.0
2014-08-19,2370.0
2014-08-20,2340.0
2014-08-21,2345.0
2014-08-22,2360.0
2014-08-23,2360.0
2014-08-24,2360.0
2014-08-25,2360.0
2014-08-26,2360.0
2014-08-27,2335.0
2014-08-28,2345.0
2014-08-29,2345.0
2014-08-30,2343.3333333333335
2014-08-31,2341.6666666666665
2014-09-01,2340.0
2014-09-02,2345.0
2014-09-03,2345.0
2014-09-04,2355.0
2014-09-05,2360.0
2014-09-06,2396.6666666666665
2014-09-07,2433.3333333333335
2014-09-08,2470.0
2014-09-09,2470.0
2014-09-10,2510.0
2014-09-11,2440.0
2014-09-12,2410.0
2014-09-13,2401.6666666666665
2014-09-14,2393.3333333333335
2014-09-15,2385.0
2014-09-16,2390.0
2014-09-17,2405.0
2014-09-18,2450.0
2014-09-19,2500.0
2014-09-20,2503.3333333333335
2014-09-21,2506.6666666666665
2014-09-22,2510.0
2014-09-23,2555.0
2014-09-24,2520.0
2014-09-25,2505.0
2014-09-26,2530.0
2014-09-27,2540.0
2014-09-28,2550.0
2014-09-29,2560.0
2014-09-30,2565.0
2014-10-01,2715.0
2014-10-02,2570.0
2014-10-03,2480.0
2014-10-04,2458.3333333333335
2014-10-05,2436.6666666666665
2014-10-06,2415.0
2014-10-07,2500.0
2014-10-08,2460.0
2014-10-09,2540.0
2014-10-10,2520.0
2014-10-11,2526.6666666666665
2014-10-12,2533.3333333333335
2014-10-13,2540.0
2014-10-14,2500.0
2014-10-15,2555.0
2014-10-16,2520.0
2014-10-17,2520.0
2014-10-18,2533.3333333333335
2014-10-19,2546.6666666666665
2014-10-20,2560.0
2014-10-21,2550.0
2014-10-22,2565.0
2014-10-23,2635.0
2014-10-24,2700.0
2014-10-25,2695.0
2014-10-26,2690.0
2014-10-27,2685.0
2014-10-28,2680.0
2014-10-29,2665.0
2014-10-30,2620.0
2014-10-31,2640.0
2014-11-01,2636.6666666666665
2014-11-02,2633.3333333333335
2014-11-03,2630.0
2014-11-04,2585.0
2014-11-05,2615.0
2014-11-06,2600.0
2014-11-07,2570.0
2014-11-08,2560.0
2014-11-09,2550.0
2014-11-10,2540.0
2014-11-11,2520.0
2014-11-12,2570.0
2014-11-13,2575.0
2014-11-14,2600.0
2014-11-15,2598.3333333333335
2014-11-16,2596.6666666666665
2014-11-17,2595.0
2014-11-18,2610.0
2014-11-19,2635.0
2014-11-20,2665.0
2014-11-21,2665.0
2014-11-22,2663.3333333333335
2014-11-23,2661.6666666666665
2014-11-24,2660.0
2014-11-25,2660.0
2014-11-26,2650.0
2014-11-27,2660.0
2014-11-28,2605.0
2014-11-29,2616.6666666666665
2014-11-30,2628.3333333333335
2014-12-01,2640.0
2014-12-02,2615.0
2014-12-03,2645.0
2014-12-04,2670.0
2014-12-05,2660.0
2014-12-06,2658.3333333333335
2014-12-07,2656.6666666666665
2014-12-08,2655.0
2014-12-09,2660.0
2014-12-10,2630.0
2014-12-11,2660.0
2014-12-12,2640.0
2014-12-13,2626.6666666666665
2014-12-14,2613.3333333333335
2014-12-15,2600.0
2014-12-16,2590.0
2014-12-17,2600.0
2014-12-18,2600.0
2014-12-19,2630.0
2014-12-20,2636.6666666666665
2014-12-21,2643.3333333333335
2014-12-22,2650.0
2014-12-23,2640.0
2014-12-24,2650.0
2014-12-25,2646.0
2014-12-26,2642.0
2014-12-27,2638.0
2014-12-28,2634.0
2014-12-29,2630.0
2014-12-30,2615.0
2014-12-31,2628.3333333333335
2015-01-01,2641.6666666666665
2015-01-02,2655.0
2015-01-03,2646.6666666666665
2015-01-04,2638.3333333333335
2015-01-05,2630.0
2015-01-06,2600.0
2015-01-07,2610.0
2015-01-08,2625.0
2015-01-09,2605.0
2015-01-10,2598.3333333333335
2015-01-11,2591.6666666666665
2015-01-12,2585.0
2015-01-13,2610.0
2015-01-14,2605.0
2015-01-15,2605.0
2015-01-16,2605.0
2015-01-17,2601.6666666666665
2015-01-18,2598.3333333333335
2015-01-19,2595.0
2015-01-20,2595.0
2015-01-21,2610.0
2015-01-22,2610.0
2015-01-23,2645.0
2015-01-24,2651.6666666666665
2015-01-25,2658.3333333333335
2015-01-26,2665.0
2015-01-27,2630.0
2015-01-28,2635.0
2015-01-29,2650.0
2015-01-30,2680.0
2015-01-31,2676.6666666666665
2015-02-01,2673.3333333333335
2015-02-02,2670.0
2015-02-03,2675.0
2015-02-04,2705.0
2015-02-05,2780.0
2015-02-06,2755.0
2015-02-07,2736.6666666666665
2015-02-08,2718.3333333333335
2015-02-09,2700.0
2015-02-10,2775.0
2015-02-11,2755.0
2015-02-12,2785.0
2015-02-13,2800.0
2015-02-14,2803.3333333333335
2015-02-15,2806.6666666666665
2015-02-16,2810.0
2015-02-17,2800.0
2015-02-18,2840.0
2015-02-19,2850.0
2015-02-20,2860.0
2015-02-21,2845.0
2015-02-22,2830.0
2015-02-23,2815.0
2015-02-24,2810.0
2015-02-25,2800.0
2015-02-26,2795.0
2015-02-27,2800.0
2015-02-28,2810.0
2015-03-01,2820.0
2015-03-02,2830.0
2015-03-03,2870.0
2015-03-04,2900.0
2015-03-05,2895.0
2015-03-06,2900.0
2015-03-07,2893.3333333333335
2015-03-08,2886.6666666666665
2015-03-09,2880.0
2015-03-10,2880.0
2015-03-11,2850.0
2015-03-12,2845.0
2015-03-13,2840.0
2015-03-14,2828.3333333333335
2015-03-15,2816.6666666666665
2015-03-16,2805.0
2015-03-17,2855.0
2015-03-18,2820.0
2015-03-19,2860.0
2015-03-20,2835.0
2015-03-21,2850.0
2015-03-22,2865.0
2015-03-23,2880.0
2015-03-24,2910.0
2015-03-25,2910.0
2015-03-26,2900.0
2015-03-27,2895.0
2015-03-28,2893.3333333333335
2015-03-29,2891.6666666666665
2015-03-30,2890.0
2015-03-31,2960.0
2015-04-01,2975.0
2015-04-02,2985.0
2015-04-03,2978.75
2015-04-04,2972.5
2015-04-05,2966.25
2015-04-06,2960.0
2015-04-07,3095.0
2015-04-08,3015.0
2015-04-09,3015.0
2015-04-10,3040.0
2015-04-11,3030.0
2015-04-12,3020.0
2015-04-13,3010.0
2015-04-14,3000.0
2015-04-15,2980.0
2015-04-16,2960.0
2015-04-17,2980.0
2015-04-18,2966.6666666666665
2015-04-19,2953.3333333333335
2015-04-20,2940.0
2015-04-21,2945.0
2015-04-22,2990.0
2015-04-23,2990.0
2015-04-24,2980.0
2015-04-25,2973.3333333333335
2015-04-26,2966.6666666666665
2015-04-27,2960.0
2015-04-28,2820.0
2015-04-29,2800.0
2015-04-30,2660.0
2015-05-01,2668.75
2015-05-02,2677.5
2015-05-03,2686.25
2015-05-04,2695.0
2015-05-05,2750.0
2015-05-06,2750.0
2015-05-07,2720.0
2015-05-08,2750.0
2015-05-09,2753.3333333333335
2015-05-10,2756.6666666666665
2015-05-11,2760.0
2015-05-12,2725.0
2015-05-13,2730.0
2015-05-14,2737.5
2015-05-15,2745.0
2015-05-16,2736.6666666666665
2015-05-17,2728.3333333333335
2015-05-18,2720.0
2015-05-19,2725.0
2015-05-20,2755.0
2015-05-21,2790.0
2015-05-22,2850.0
2015-05-23,2856.6666666666665
2015-05-24,2863.3333333333335
2015-05-25,2870.0
2015-05-26,2840.0
2015-05-27,2870.0
2015-05-28,2820.0
2015-05-29,2845.0
2015-05-30,2830.0
2015-05-31,2815.0
2015-06-01,2800.0
2015-06-02,2800.0
2015-06-03,2800.0
2015-06-04,2700.0
2015-06-05,2690.0
2015-06-06,2693.3333333333335
2015-06-07,2696.6666666666665
2015-06-08,2700.0
2015-06-09,2680.0
2015-06-10,2660.0
2015-06-11,2680.0
2015-06-12,2635.0
2015-06-13,2643.3333333333335
2015-06-14,2651.6666666666665
2015-06-15,2660.0
2015-06-16,2655.0
2015-06-17,2700.0
2015-06-18,2740.0
2015-06-19,2725.0
2015-06-20,2730.0
2015-06-21,2735.0
2015-06-22,2740.0
2015-06-23,2745.0
2015-06-24,2730.0
2015-06-25,2725.0
2015-06-26,2690.0
2015-06-27,2686.6666666666665
2015-06-28,2683.3333333333335
2015-06-29,2680.0
2015-06-30,2725.0
2015-07-01,2720.0
2015-07-02,2695.0
2015-07-03,2700.0
2015-07-04,2705.0
2015-07-05,2710.0
2015-07-06,2715.0
2015-07-07,2705.0
2015-07-08,2680.0
2015-07-09,2630.0
2015-07-10,2650.0
2015-07-11,2653.3333333333335
2015-07-12,2656.6666666666665
2015-07-13,2660.0
2015-07-14,2710.0
2015-07-15,2695.0
2015-07-16,2697.8571428571427
2015-07-17,2700.714285714286
2015-07-18,2703.5714285714284
2015-07-19,2706.4285714285716
2015-07-20,2709.285714285714
2015-07-21,2712.1428571428573
2015-07-22,2715.0
2015-07-23,2720.0
2015-07-24,2755.0
2015-07-25,2736.6666666666665
2015-07-26,2718.3333333333335
2015-07-27,2700.0
2015-07-28,2640.0
2015-07-29,2600.0
2015-07-30,2575.0
2015-07-31,2590.0
2015-08-01,2588.3333333333335
2015-08-02,2586.6666666666665
2015-08-03,2585.0
2015-08-04,2660.0
2015-08-05,2660.0
2015-08-06,2740.0
2015-08-07,2740.0
2015-08-08,2736.6666666666665
2015-08-09,2733.3333333333335
2015-08-10,2730.0
2015-08-11,2770.0
2015-08-12,2640.0
2015-08-13,2570.0
2015-08-14,2650.0
2015-08-15,2650.0
2015-08-16,2650.0
2015-08-17,2650.0
2015-08-18,2650.0
2015-08-19,2570.0
2015-08-20,2540.0
2015-08-21,2420.0
2015-08-22,2373.3333333333335
2015-08-23,2326.6666666666665
2015-08-24,2280.0
2015-08-25,2300.0
2015-08-26,2325.0
2015-08-27,2430.0
2015-08-28,2570.0
2015-08-29,2570.0
2015-08-30,2570.0
2015-08-31,2570.0
2015-09-01,2570.0
2015-09-02,2440.0
2015-09-03,2485.0
2015-09-04,2455.0
2015-09-05,2450.0
2015-09-06,2445.0
2015-09-07,2440.0
2015-09-08,2365.0
2015-09-09,2380.0
2015-09-10,2370.0
2015-09-11,2400.0
2015-09-12,2400.0
2015-09-13,2400.0
2015-09-14,2400.0
2015-09-15,2400.0
2015-09-16,2380.0
2015-09-17,2390.0
2015-09-18,2420.0
2015-09-19,2420.0
2015-09-20,2420.0
2015-09-21,2420.0
2015-09-22,2410.0
2015-09-23,2385.0
2015-09-24,2385.0
2015-09-25,2385.0
2015-09-26,2373.3333333333335
2015-09-27,2361.6666666666665
2015-09-28,2350.0
2015-09-29,2275.0
2015-09-30,2400.0
2015-10-01,2460.0
2015-10-02,2400.0
2015-10-03,2420.0
2015-10-04,2440.0
2015-10-05,2460.0
2015-10-06,2520.0
2015-10-07,2600.0
2015-10-08,2620.0
2015-10-09,2665.0
2015-10-10,2660.0
2015-10-11,2655.0
2015-10-12,2650.0
2015-10-13,2680.0
2015-10-14,2640.0
2015-10-15,2600.0
2015-10-16,2600.0
2015-10-17,2586.6666666666665
2015-10-18,2573.3333333333335
2015-10-19,2560.0
2015-10-20,2655.0
2015-10-21,2660.0
2015-10-22,2690.0
2015-10-23,2755.0
2015-10-24,2746.6666666666665
2015-10-25,2738.3333333333335
2015-10-26,2730.0
2015-10-27,2710.0
2015-10-28,2685.0
2015-10-29,2725.0
2015-10-30,2650.0
2015-10-31,2620.0
2015-11-01,2590.0
2015-11-02,2560.0
2015-11-03,2580.0
2015-11-04,2650.0
2015-11-05,2700.0
2015-11-06,2750.0
2015-11-07,2733.3333333333335
2015-11-08,2716.6666666666665
2015-11-09,2700.0
2015-11-10,2600.0
2015-11-11,2590.0
2015-11-12,2595.0
2015-11-13,2580.0
2015-11-14,2576.6666666666665
2015-11-15,2573.3333333333335
2015-11-16,2570.0
2015-11-17,2620.0
2015-11-18,2625.0
2015-11-19,2620.0
2015-11-20,2590.0
2015-11-21,2610.0
2015-11-22,2630.0
2015-11-23,2650.0
2015-11-24,2650.0
2015-11-25,2695.0
2015-11-26,2720.0
2015-11-27,2720.0
2015-11-28,2686.6666666666665
2015-11-29,2653.3333333333335
2015-11-30,2620.0
2015-12-01,2540.0
2015-12-02,2655.0
2015-12-03,2640.0
2015-12-04,2660.0
2015-12-05,2653.3333333333335
2015-12-06,2646.6666666666665
2015-12-07,2640.0
2015-12-08,2615.0
2015-12-09,2597.5
2015-12-10,2580.0
2015-12-11,2690.0
2015-12-12,2660.0
2015-12-13,2630.0
2015-12-14,2600.0
2015-12-15,2610.0
2015-12-16,2675.0
2015-12-17,2760.0
2015-12-18,2690.0
2015-12-19,2670.0
2015-12-20,2650.0
2015-12-21,2630.0
2015-12-22,2640.0
2015-12-23,2630.0
2015-12-24,2628.0
2015-12-25,2626.0
2015-12-26,2624.0
2015-12-27,2622.0
2015-12-28,2620.0
2015-12-29,2640.0
2015-12-30,2650.0
2015-12-31,2647.0
2016-01-01,2644.0
2016-01-02,2641.0
2016-01-03,2638.0
2016-01-04,2635.0
2016-01-05,2640.0
2016-01-06,2665.0
2016-01-07,2620.0
2016-01-08,2590.0
2016-01-09,2590.0
2016-01-10,2590.0
2016-01-11,2590.0
2016-01-12,2580.0
2016-01-13,2645.0
2016-01-14,2600.0
2016-01-15,2620.0
2016-01-16,2603.3333333333335
2016-01-17,2586.6666666666665
2016-01-18,2570.0
2016-01-19,2610.0
2016-01-20,2600.0
2016-01-21,2610.0
2016-01-22,2610.0
2016-01-23,2620.0
2016-01-24,2630.0
2016-01-25,2640.0
2016-01-26,2610.0
2016-01-27,2620.0
2016-01-28,2620.0
2016-01-29,2640.0
2016-01-30,2633.3333333333335
2016-01-31,2626.6666666666665
2016-02-01,2620.0
2016-02-02,2645.0
2016-02-03,2600.0
2016-02-04,2600.0
2016-02-05,2620.0
2016-02-06,2635.0
2016-02-07,2650.0
2016-02-08,2665.0
2016-02-09,2680.0
2016-02-10,2650.0
2016-02-11,2640.0
2016-02-12,2675.0
2016-02-13,2676.6666666666665
2016-02-14,2678.3333333333335
2016-02-15,2680.0
2016-02-16,2665.0
2016-02-17,2680.0
2016-02-18,2700.0
2016-02-19,2660.0
2016-02-20,2641.6666666666665
2016-02-21,2623.3333333333335
2016-02-22,2605.0
2016-02-23,2640.0
2016-02-24,2605.0
2016-02-25,2620.0
2016-02-26,2630.0
2016-02-27,2653.3333333333335
2016-02-28,2676.6666666666665
2016-02-29,2700.0
2016-03-01,2695.0
2016-03-02,2705.0
2016-03-03,2685.0
2016-03-04,2720.0
2016-03-05,2720.0
2016-03-06,2720.0
2016-03-07,2720.0
2016-03-08,2700.0
2016-03-09,2682.5
2016-03-10,2665.0
2016-03-11,2660.0
2016-03-12,2670.0
2016-03-13,2680.0
2016-03-14,2690.0
2016-03-15,2715.0
2016-03-16,2720.0
2016-03-17,2735.0
2016-03-18,2730.0
2016-03-19,2733.3333333333335
2016-03-20,2736.6666666666665
2016-03-21,2740.0
2016-03-22,2750.0
2016-03-23,2730.0
2016-03-24,2680.0
2016-03-25,2676.25
2016-03-26,2672.5
2016-03-27,2668.75
2016-03-28,2665.0
2016-03-29,2635.0
2016-03-30,2625.0
2016-03-31,2655.0
2016-04-01,2660.0
2016-04-02,2668.3333333333335
2016-04-03,2676.6666666666665
2016-04-04,2685.0
2016-04-05,2665.0
2016-04-06,2660.0
2016-04-07,2640.0
2016-04-08,2620.0
2016-04-09,2616.6666666666665
2016-04-10,2613.3333333333335
2016-04-11,2610.0
2016-04-12,2600.0
2016-04-13,2625.0
2016-04-14,2630.0
2016-04-15,2620.0
2016-04-16,2613.3333333333335
2016-04-17,2606.6666666666665
2016-04-18,2600.0
2016-04-19,2605.0
2016-04-20,2620.0
2016-04-21,2620.0
2016-04-22,2630.0
2016-04-23,2626.6666666666665
2016-04-24,2623.3333333333335
2016-04-25,2620.0
2016-04-26,2610.0
2016-04-27,2590.0
2016-04-28,2625.0
2016-04-29,2605.0
2016-04-30,2610.0
2016-05-01,2615.0
2016-05-02,2620.0
2016-05-03,2625.0
2016-05-04,2610.0
2016-05-05,2612.0
2016-05-06,2614.0
2016-05-07,2616.0
2016-05-08,2618.0
2016-05-09,2620.0
2016-05-10,2610.0
2016-05-11,2645.0
2016-05-12,2620.0
2016-05-13,2600.0
2016-05-14,2606.6666666666665
2016-05-15,2613.3333333333335
2016-05-16,2620.0
2016-05-17,2605.0
2016-05-18,2580.0
2016-05-19,2600.0
2016-05-20,2590.0
2016-05-21,2593.3333333333335
2016-05-22,2596.6666666666665
2016-05-23,2600.0
2016-05-24,2610.0
2016-05-25,2600.0
2016-05-26,2615.0
2016-05-27,2600.0
2016-05-28,2601.6666666666665
2016-05-29,2603.3333333333335
2016-05-30,2605.0
2016-05-31,2660.0
2016-06-01,2620.0
2016-06-02,2620.0
2016-06-03,2610.0
2016-06-04,2615.0
2016-06-05,2620.0
2016-06-06,2625.0
2016-06-07,2630.0
2016-06-08,2615.0
2016-06-09,2605.0
2016-06-10,2595.0
2016-06-11,2586.6666666666665
2016-06-12,2578.3333333333335
2016-06-13,2570.0
2016-06-14,2540.0
2016-06-15,2570.0
2016-06-16,2590.0
2016-06-17,2600.0
2016-06-18,2593.3333333333335
2016-06-19,2586.6666666666665
2016-06-20,2580.0
2016-06-21,2565.0
2016-06-22,2565.0
2016-06-23,2580.0
2016-06-24,2575.0
2016-06-25,2560.0
2016-06-26,2545.0
2016-06-27,2530.0
2016-06-28,2565.0
2016-06-29,2630.0
2016-06-30,2680.0
2016-07-01,2675.0
2016-07-02,2674.5
2016-07-03,2674.0
2016-07-04,2673.5
2016-07-05,2673.0
2016-07-06,2672.5
2016-07-07,2672.0
2016-07-08,2671.5
2016-07-09,2671.0
2016-07-10,2670.5
2016-07-11,2670.0
2016-07-12,2720.0
2016-07-13,2765.0
2016-07-14,2780.0
2016-07-15,2765.0
2016-07-16,2770.0
2016-07-17,2775.0
2016-07-18,2780.0
2016-07-19,2800.0
2016-07-20,2870.0
2016-07-21,2905.0
2016-07-22,2900.0
2016-07-23,2901.6666666666665
2016-07-24,2903.3333333333335
2016-07-25,2905.0
2016-07-26,2905.0
2016-07-27,2885.0
2016-07-28,2900.0
2016-07-29,2900.0
2016-07-30,2891.6666666666665
2016-07-31,2883.3333333333335
2016-08-01,2875.0
2016-08-02,2975.0
2016-08-03,3000.0
2016-08-04,2995.0
2016-08-05,3010.0
2016-08-06,3016.6666666666665
2016-08-07,3023.3333333333335
2016-08-08,3030.0
2016-08-09,3020.0
2016-08-10,3000.0
2016-08-11,3020.0
2016-08-12,3005.0
2016-08-13,3013.3333333333335
2016-08-14,3021.6666666666665
2016-08-15,3030.0
2016-08-16,3040.0
2016-08-17,3032.5
2016-08-18,3025.0
2016-08-19,3080.0
2016-08-20,3080.0
2016-08-21,3080.0
2016-08-22,3080.0
2016-08-23,3100.0
2016-08-24,3060.0
2016-08-25,3070.0
2016-08-26,3050.0
2016-08-27,3048.3333333333335
2016-08-28,3046.6666666666665
2016-08-29,3045.0
2016-08-30,3005.0
2016-08-31,2970.0
2016-09-01,2970.0
2016-09-02,3010.0
2016-09-03,3025.0
2016-09-04,3040.0
2016-09-05,3055.0
2016-09-06,3010.0
2016-09-07,3060.0
2016-09-08,3060.0
2016-09-09,3035.0
2016-09-10,3028.75
2016-09-11,3022.5
2016-09-12,3016.25
2016-09-13,3010.0
2016-09-14,2990.0
2016-09-15,3040.0
2016-09-16,3020.0
2016-09-17,3030.0
2016-09-18,3040.0
2016-09-19,3050.0
2016-09-20,3040.0
2016-09-21,3020.0
2016-09-22,3070.0
2016-09-23,3110.0
2016-09-24,3105.0
2016-09-25,3100.0
2016-09-26,3095.0
2016-09-27,3020.0
2016-09-28,3115.0
2016-09-29,3100.0
2016-09-30,3195.0
2016-10-01,3193.3333333333335
2016-10-02,3191.6666666666665
2016-10-03,3190.0
2016-10-04,3240.0
2016-10-05,3150.0
2016-10-06,3200.0
2016-10-07,3200.0
2016-10-08,3180.0
2016-10-09,3160.0
2016-10-10,3140.0
2016-10-11,3185.0
2016-10-12,3160.0
2016-10-13,3120.0
2016-10-14,3095.0
2016-10-15,3116.6666666666665
2016-10-16,3138.3333333333335
2016-10-17,3160.0
2016-10-18,3200.0
2016-10-19,3195.0
2016-10-20,3170.0
2016-10-21,3170.0
2016-10-22,3171.6666666666665
2016-10-23,3173.3333333333335
2016-10-24,3175.0
2016-10-25,3125.0
2016-10-26,3120.0
2016-10-27,3100.0
2016-10-28,3105.0
2016-10-29,3103.3333333333335
2016-10-30,3101.6666666666665
2016-10-31,3100.0
2016-11-01,3100.0
2016-11-02,3090.0
2016-11-03,3100.0
2016-11-04,3070.0
2016-11-05,3063.3333333333335
2016-11-06,3056.6666666666665
2016-11-07,3050.0
2016-11-08,3080.0
2016-11-09,3100.0
2016-11-10,3060.0
2016-11-11,3000.0
2016-11-12,2960.0
2016-11-13,2920.0
2016-11-14,2880.0
2016-11-15,2860.0
2016-11-16,2915.0
2016-11-17,2950.0
2016-11-18,2940.0
2016-11-19,2940.0
2016-11-20,2940.0
2016-11-21,2940.0
2016-11-22,2900.0
2016-11-23,2930.0
2016-11-24,2900.0
2016-11-25,2900.0
2016-11-26,2896.6666666666665
2016-11-27,2893.3333333333335
2016-11-28,2890.0
2016-11-29,2865.0
2016-11-30,2870.0
2016-12-01,2860.0
2016-12-02,2930.0
2016-12-03,2931.6666666666665
2016-12-04,2933.3333333333335
2016-12-05,2935.0
2016-12-06,2940.0
2016-12-07,2940.0
2016-12-08,2900.0
2016-12-09,2960.0
2016-12-10,2953.75
2016-12-11,2947.5
2016-12-12,2941.25
2016-12-13,2935.0
2016-12-14,2940.0
2016-12-15,2945.0
2016-12-16,2940.0
2016-12-17,2926.6666666666665
2016-12-18,2913.3333333333335
2016-12-19,2900.0
2016-12-20,2910.0
2016-12-21,2960.0
2016-12-22,2900.0
2016-12-23,2880.0
2016-12-24,2875.0
2016-12-25,2870.0
2016-12-26,2865.0
2016-12-27,2860.0
2016-12-28,2980.0
2016-12-29,2960.0
2016-12-30,3070.0
2016-12-31,3077.5
2017-01-01,3085.0
2017-01-02,3092.5
2017-01-03,3100.0
2017-01-04,3170.0
2017-01-05,3140.0
2017-01-06,3090.0
2017-01-07,3096.6666666666665
2017-01-08,3103.3333333333335
2017-01-09,3110.0
2017-01-10,3090.0
2017-01-11,3110.0
2017-01-12,3060.0
2017-01-13,3040.0
2017-01-14,3040.0
2017-01-15,3040.0
2017-01-16,3040.0
2017-01-17,3035.0
2017-01-18,3055.0
2017-01-19,3070.0
2017-01-20,3050.0
2017-01-21,3046.6666666666665
2017-01-22,3043.3333333333335
2017-01-23,3040.0
2017-01-24,3040.0
2017-01-25,3050.0
2017-01-26,3000.0
2017-01-27,3030.0
2017-01-28,3058.3333333333335
2017-01-29,3086.6666666666665
2017-01-30,3115.0
2017-01-31,3100.0
2017-02-01,3100.0
2017-02-02,3065.0
2017-02-03,3090.0
2017-02-04,3098.3333333333335
2017-02-05,3106.6666666666665
2017-02-06,3115.0
2017-02-07,3085.0
2017-02-08,3125.0
2017-02-09,3120.0
2017-02-10,3125.0
2017-02-11,3116.6666666666665
2017-02-12,3108.3333333333335
2017-02-13,3100.0
2017-02-14,3090.0
2017-02-15,3105.0
2017-02-16,3120.0
2017-02-17,3090.0
2017-02-18,3100.0
2017-02-19,3110.0
2017-02-20,3120.0
2017-02-21,3080.0
2017-02-22,3080.0
2017-02-23,3080.0
2017-02-24,3105.0
2017-02-25,3103.3333333333335
2017-02-26,3101.6666666666665
2017-02-27,3100.0
2017-02-28,3100.0
2017-03-01,3080.0
2017-03-02,3130.0
2017-03-03,3090.0
2017-03-04,3086.6666666666665
2017-03-05,3083.3333333333335
2017-03-06,3080.0
2017-03-07,3080.0
2017-03-08,3100.0
2017-03-09,3100.0
2017-03-10,3140.0
2017-03-11,3133.3333333333335
2017-03-12,3126.6666666666665
2017-03-13,3120.0
2017-03-14,3140.0
2017-03-15,3155.0
2017-03-16,3180.0
2017-03-17,3200.0
2017-03-18,3206.6666666666665
2017-03-19,3213.3333333333335
2017-03-20,3220.0
2017-03-21,3245.0
2017-03-22,3210.0
2017-03-23,3280.0
2017-03-24,3360.0
2017-03-25,3343.3333333333335
2017-03-26,3326.6666666666665
2017-03-27,3310.0
2017-03-28,3322.5
2017-03-29,3335.0
2017-03-30,3340.0
2017-03-31,3365.0
2017-04-01,3348.3333333333335
2017-04-02,3331.6666666666665
2017-04-03,3315.0
2017-04-04,3350.0
2017-04-05,3370.0
2017-04-06,3440.0
2017-04-07,3495.0
2017-04-08,3505.0
2017-04-09,3515.0
2017-04-10,3525.0
2017-04-11,3500.0
2017-04-12,3490.0
2017-04-13,3540.0
2017-04-14,3522.5
2017-04-15,3505.0
2017-04-16,3487.5
2017-04-17,3470.0
2017-04-18,3395.0
2017-04-19,3417.5
2017-04-20,3440.0
2017-04-21,3415.0
2017-04-22,3443.75
2017-04-23,3472.5
2017-04-24,3501.25
2017-04-25,3530.0
2017-04-26,3530.0
2017-04-27,3480.0
2017-04-28,3505.0
2017-04-29,3516.25
2017-04-30,3527.5
2017-05-01,3538.75
2017-05-02,3550.0
2017-05-03,3560.0
2017-05-04,3560.0
2017-05-05,3550.0
2017-05-06,3558.3333333333335
2017-05-07,3566.6666666666665
2017-05-08,3575.0
2017-05-09,3660.0
2017-05-10,3550.0
2017-05-11,3627.5
2017-05-12,3705.0
2017-05-13,3670.0
2017-05-14,3635.0
2017-05-15,3600.0
2017-05-16,3580.0
2017-05-17,3480.0
2017-05-18,3360.0
2017-05-19,3480.0
2017-05-20,3530.0
2017-05-21,3580.0
2017-05-22,3630.0
2017-05-23,3530.0
2017-05-24,3490.0
2017-05-25,3495.0
2017-05-26,3500.0
2017-05-27,3511.6666666666665
2017-05-28,3523.3333333333335
2017-05-29,3535.0
2017-05-30,3540.0
2017-05-31,3520.0
2017-06-01,3502.5
2017-06-02,3485.0
2017-06-03,3510.0
2017-06-04,3535.0
2017-06-05,3560.0
2017-06-06,3500.0
2017-06-07,3530.0
2017-06-08,3570.0
2017-06-09,3620.0
2017-06-10,3593.3333333333335
2017-06-11,3566.6666666666665
2017-06-12,3540.0
2017-06-13,3550.0
2017-06-14,3540.0
2017-06-15,3600.0
2017-06-16,3630.0
2017-06-17,3620.0
2017-06-18,3610.0
2017-06-19,3600.0
2017-06-20,3585.0
2017-06-21,3620.0
2017-06-22,3650.0
2017-06-23,3652.7272727272725
2017-06-24,3655.4545454545455
2017-06-25,3658.181818181818
2017-06-26,3660.909090909091
2017-06-27,3663.6363636363635
2017-06-28,3666.3636363636365
2017-06-29,3669.090909090909
2017-06-30,3671.818181818182
2017-07-01,3674.5454545454545
2017-07-02,3677.2727272727275
2017-07-03,3680.0
2017-07-04,3700.0
2017-07-05,3710.0
2017-07-06,3640.0
2017-07-07,3670.0
2017-07-08,3680.0
2017-07-09,3690.0
2017-07-10,3700.0
2017-07-11,3665.0
2017-07-12,3640.0
2017-07-13,3700.0
2017-07-14,3710.0
2017-07-15,3690.0
2017-07-16,3670.0
2017-07-17,3650.0
2017-07-18,3640.0
2017-07-19,3670.0
2017-07-20,3695.0
2017-07-21,3690.0
2017-07-22,3683.3333333333335
2017-07-23,3676.6666666666665
2017-07-24,3670.0
2017-07-25,3730.0
2017-07-26,3730.0
2017-07-27,3755.0
2017-07-28,3800.0
2017-07-29,3773.3333333333335
2017-07-30,3746.6666666666665
2017-07-31,3720.0
2017-08-01,3775.0
2017-08-02,3780.0
2017-08-03,3810.0
2017-08-04,3750.0
2017-08-05,3750.0
2017-08-06,3750.0
2017-08-07,3750.0
2017-08-08,3740.0
2017-08-09,3805.0
2017-08-10,3810.0
2017-08-11,3745.0
2017-08-12,3741.6666666666665
2017-08-13,3738.3333333333335
2017-08-14,3735.0
2017-08-15,3740.0
2017-08-16,3745.0
2017-08-17,3747.5
2017-08-18,3750.0
2017-08-19,3753.3333333333335
2017-08-20,3756.6666666666665
2017-08-21,3760.0
2017-08-22,3760.0
2017-08-23,3780.0
2017-08-24,3830.0
2017-08-25,3820.0
2017-08-26,3806.6666666666665
2017-08-27,3793.3333333333335
2017-08-28,3780.0
2017-08-29,3810.0
2017-08-30,3840.0
2017-08-31,3790.0
2017-09-01,3791.25
2017-09-02,3792.5
2017-09-03,3793.75
2017-09-04,3795.0
2017-09-05,3800.0
2017-09-06,3800.0
2017-09-07,3820.0
2017-09-08,3745.0
2017-09-09,3761.6666666666665
2017-09-10,3778.3333333333335
2017-09-11,3795.0
2017-09-12,3790.0
2017-09-13,3770.0
2017-09-14,3825.0
2017-09-15,3800.0
2017-09-16,3800.0
2017-09-17,3800.0
2017-09-18,3800.0
2017-09-19,3770.0
2017-09-20,3820.0
2017-09-21,3820.0
2017-09-22,3820.0
2017-09-23,3863.3333333333335
2017-09-24,3906.6666666666665
2017-09-25,3950.0
2017-09-26,3935.0
2017-09-27,3960.0
2017-09-28,3965.0
2017-09-29,3995.0
2017-09-30,4033.3333333333335
2017-10-01,4071.6666666666665
2017-10-02,4110.0
2017-10-03,4065.0
2017-10-04,4110.0
2017-10-05,4065.0
2017-10-06,4050.0
2017-10-07,4053.3333333333335
2017-10-08,4056.6666666666665
2017-10-09,4060.0
2017-10-10,4040.0
2017-10-11,4040.0
2017-10-12,4075.0
2017-10-13,4160.0
2017-10-14,4160.0
2017-10-15,4160.0
2017-10-16,4160.0
2017-10-17,4150.0
2017-10-18,4140.0
2017-10-19,4040.0
2017-10-20,4100.0
2017-10-21,4110.0
2017-10-22,4120.0
2017-10-23,4130.0
2017-10-24,4200.0
2017-10-25,4120.0
2017-10-26,4160.0
2017-10-27,4150.0
2017-10-28,4121.666666666667
2017-10-29,4093.3333333333335
2017-10-30,4065.0
2017-10-31,4165.0
2017-11-01,4200.0
2017-11-02,4300.0
2017-11-03,4300.0
2017-11-04,4280.0
2017-11-05,4260.0
2017-11-06,4240.0
2017-11-07,4170.0
2017-11-08,4180.0
2017-11-09,4190.0
2017-11-10,4160.0
2017-11-11,4141.666666666667
2017-11-12,4123.333333333333
2017-11-13,4105.0
2017-11-14,4100.0
2017-11-15,4120.0
2017-11-16,4240.0
2017-11-17,4230.0
2017-11-18,4231.666666666667
2017-11-19,4233.333333333333
2017-11-20,4235.0
2017-11-21,4245.0
2017-11-22,4200.0
2017-11-23,4250.0
2017-11-24,4175.0
2017-11-25,4171.666666666667
2017-11-26,4168.333333333333
2017-11-27,4165.0
2017-11-28,4260.0
2017-11-29,4260.0
2017-11-30,4260.0
2017-12-01,4236.25
2017-12-02,4212.5
2017-12-03,4188.75
2017-12-04,4165.0
2017-12-05,4210.0
2017-12-06,4230.0
2017-12-07,4260.0
2017-12-08,4220.0
2017-12-09,4230.0
2017-12-10,4240.0
2017-12-11,4250.0
2017-12-12,4235.0
2017-12-13,4235.0
2017-12-14,4185.0
2017-12-15,4180.0
2017-12-16,4180.0
2017-12-17,4180.0
2017-12-18,4180.0
2017-12-19,4190.0
2017-12-20,4210.0
2017-12-21,4190.0
2017-12-22,4235.0
2017-12-23,4248.0
2017-12-24,4261.0
2017-12-25,4274.0
2017-12-26,4287.0
2017-12-27,4300.0
2017-12-28,4300.0
2017-12-29,4410.0
2017-12-30,4402.5
2017-12-31,4395.0
2018-01-01,4387.5
2018-01-02,4380.0
2018-01-03,4385.0
2018-01-04,4380.0
2018-01-05,4460.0
2018-01-06,4456.666666666667
2018-01-07,4453.333333333333
2018-01-08,4450.0
2018-01-09,4500.0
2018-01-10,4505.0
2018-01-11,4490.0
2018-01-12,4540.0
2018-01-13,4523.333333333333
2018-01-14,4506.666666666667
2018-01-15,4490.0
2018-01-16,4490.0
2018-01-17,4540.0
2018-01-18,4450.0
2018-01-19,4525.0
2018-01-20,4520.0
2018-01-21,4515.0
2018-01-22,4510.0
2018-01-23,4530.0
2018-01-24,4525.0
2018-01-25,4510.0
2018-01-26,4525.0
2018-01-27,4536.666666666667
2018-01-28,4548.333333333333
2018-01-29,4560.0
2018-01-30,4540.0
2018-01-31,4560.0
2018-02-01,4570.0
2018-02-02,4725.0
2018-02-03,4733.333333333333
2018-02-04,4741.666666666667
2018-02-05,4750.0
2018-02-06,4690.0
2018-02-07,4730.0
2018-02-08,4710.0
2018-02-09,4680.0
2018-02-10,4706.666666666667
2018-02-11,4733.333333333333
2018-02-12,4760.0
2018-02-13,4760.0
2018-02-14,4745.0
2018-02-15,4780.0
2018-02-16,4768.75
2018-02-17,4757.5
2018-02-18,4746.25
2018-02-19,4735.0
2018-02-20,4820.0
2018-02-21,4790.0
2018-02-22,4820.0
2018-02-23,4805.0
2018-02-24,4813.333333333333
2018-02-25,4821.666666666667
2018-02-26,4830.0
2018-02-27,4745.0
2018-02-28,4680.0
2018-03-01,4620.0
2018-03-02,4615.0
2018-03-03,4620.0
2018-03-04,4625.0
2018-03-05,4630.0
2018-03-06,4635.0
2018-03-07,4620.0
2018-03-08,4600.0
2018-03-09,4660.0
2018-03-10,4666.666666666667
2018-03-11,4673.333333333333
2018-03-12,4680.0
2018-03-13,4720.0
2018-03-14,4695.0
2018-03-15,4680.0
2018-03-16,4730.0
2018-03-17,4706.666666666667
2018-03-18,4683.333333333333
2018-03-19,4660.0
2018-03-20,4655.0
2018-03-21,4670.0
2018-03-22,4695.0
2018-03-23,4600.0
2018-03-24,4626.666666666667
2018-03-25,4653.333333333333
2018-03-26,4680.0
2018-03-27,4730.0
2018-03-28,4690.0
2018-03-29,4630.0
2018-03-30,4645.0
2018-03-31,4660.0
2018-04-01,4675.0
2018-04-02,4690.0
2018-04-03,4675.0
2018-04-04,4700.0
2018-04-05,4700.0
2018-04-06,4625.0
2018-04-07,4606.666666666667
2018-04-08,4588.333333333333
2018-04-09,4570.0
2018-04-10,4575.0
2018-04-11,4700.0
2018-04-12,4665.0
2018-04-13,4620.0
2018-04-14,4605.0
2018-04-15,4590.0
2018-04-16,4575.0
2018-04-17,4550.0
2018-04-18,4565.0
2018-04-19,4620.0
2018-04-20,4625.0
2018-04-21,4630.0
2018-04-22,4635.0
2018-04-23,4640.0
2018-04-24,4620.0
2018-04-25,4570.0
2018-04-26,4350.0
2018-04-27,4320.0
2018-04-28,4313.333333333333
2018-04-29,4306.666666666667
2018-04-30,4300.0
2018-05-01,4360.0
2018-05-02,4420.0
2018-05-03,4560.0
2018-05-04,4460.0
2018-05-05,4443.333333333333
2018-05-06,4426.666666666667
2018-05-07,4410.0
2018-05-08,4400.0
2018-05-09,4305.0
2018-05-10,4427.5
2018-05-11,4550.0
2018-05-12,4530.0
2018-05-13,4510.0
2018-05-14,4490.0
2018-05-15,4535.0
2018-05-16,4380.0
2018-05-17,4440.0
2018-05-18,4400.0
2018-05-19,4370.0
2018-05-20,4340.0
2018-05-21,4310.0
2018-05-22,4390.0
2018-05-23,4420.0
2018-05-24,4460.0
2018-05-25,4485.0
2018-05-26,4490.0
2018-05-27,4495.0
2018-05-28,4500.0
2018-05-29,4535.0
2018-05-30,4570.0
2018-05-31,4575.0
2018-06-01,4578.75
2018-06-02,4582.5
2018-06-03,4586.25
2018-06-04,4590.0
2018-06-05,4560.0
2018-06-06,4545.0
2018-06-07,4630.0
2018-06-08,4570.0
2018-06-09,4555.833333333333
2018-06-10,4541.666666666667
2018-06-11,4527.5
2018-06-12,4513.333333333333
2018-06-13,4499.166666666667
2018-06-14,4485.0
2018-06-15,4470.833333333333
2018-06-16,4456.666666666667
2018-06-17,4442.5
2018-06-18,4428.333333333333
2018-06-19,4414.166666666667
2018-06-20,4400.0
2018-06-21,4325.0
2018-06-22,4280.0
2018-06-23,4315.0
2018-06-24,4350.0
2018-06-25,4385.0
2018-06-26,4420.0
2018-06-27,4280.0
2018-06-28,4275.0
2018-06-29,4190.0
2018-06-30,4236.666666666667
2018-07-01,4283.333333333333
2018-07-02,4330.0
2018-07-03,4320.0
2018-07-04,4195.0
2018-07-05,4210.0
2018-07-06,4195.0
2018-07-07,4210.0
2018-07-08,4225.0
2018-07-09,4240.0
2018-07-10,4370.0
2018-07-11,4300.0
2018-07-12,4440.0
2018-07-13,4600.0
2018-07-14,4603.333333333333
2018-07-15,4606.666666666667
2018-07-16,4610.0
2018-07-17,4585.0
2018-07-18,4590.0
2018-07-19,4620.0
2018-07-20,4630.0
2018-07-21,4633.333333333333
2018-07-22,4636.666666666667
2018-07-23,4640.0
2018-07-24,4700.0
2018-07-25,4705.0
2018-07-26,4645.0
2018-07-27,4660.0
2018-07-28,4666.666666666667
2018-07-29,4673.333333333333
2018-07-30,4680.0
2018-07-31,4640.0
2018-08-01,4680.0
2018-08-02,4720.0
2018-08-03,4690.0
2018-08-04,4686.666666666667
2018-08-05,4683.333333333333
2018-08-06,4680.0
2018-08-07,4740.0
2018-08-08,4780.0
2018-08-09,4800.0
2018-08-10,4800.0
2018-08-11,4768.333333333333
2018-08-12,4736.666666666667
2018-08-13,4705.0
2018-08-14,4690.0
2018-08-15,4720.0
2018-08-16,4690.0
2018-08-17,4692.5
2018-08-18,4695.0
2018-08-19,4697.5
2018-08-20,4700.0
2018-08-21,4770.0
2018-08-22,4765.0
2018-08-23,4760.0
2018-08-24,4920.0
2018-08-25,4953.333333333333
2018-08-26,4986.666666666667
2018-08-27,5020.0
2018-08-28,5020.0
2018-08-29,4900.0
2018-08-30,4995.0
2018-08-31,5000.0
2018-09-01,5003.333333333333
2018-09-02,5006.666666666667
2018-09-03,5010.0
2018-09-04,4965.0
2018-09-05,4900.0
2018-09-06,4805.0
2018-09-07,4965.0
2018-09-08,4950.0
2018-09-09,4935.0
2018-09-10,4920.0
2018-09-11,4935.0
2018-09-12,4950.0
2018-09-13,4840.0
2018-09-14,4780.0
2018-09-15,4770.0
2018-09-16,4760.0
2018-09-17,4750.0
2018-09-18,4740.0
2018-09-19,4815.0
2018-09-20,4840.0
2018-09-21,4780.0
2018-09-22,4780.0
2018-09-23,4780.0
2018-09-24,4780.0
2018-09-25,4800.0
2018-09-26,4760.0
2018-09-27,4780.0
2018-09-28,4780.0
2018-09-29,4786.666666666667
2018-09-30,4793.333333333333
2018-10-01,4800.0
2018-10-02,4815.0
2018-10-03,4750.0
2018-10-04,4785.0
2018-10-05,4710.0
2018-10-06,4678.333333333333
2018-10-07,4646.666666666667
2018-10-08,4615.0
2018-10-09,4700.0
2018-10-10,4780.0
2018-10-11,4600.0
2018-10-12,4600.0
2018-10-13,4633.333333333333
2018-10-14,4666.666666666667
2018-10-15,4700.0
2018-10-16,4770.0
2018-10-17,4830.0
2018-10-18,4760.0
2018-10-19,4660.0
2018-10-20,4665.0
2018-10-21,4670.0
2018-10-22,4675.0
2018-10-23,4680.0
2018-10-24,4600.0
2018-10-25,4435.0
2018-10-26,4620.0
2018-10-27,4633.333333333333
2018-10-28,4646.666666666667
2018-10-29,4660.0
2018-10-30,4625.0
2018-10-31,4750.0
2018-11-01,4770.0
2018-11-02,4800.0
2018-11-03,4800.0
2018-11-04,4800.0
2018-11-05,4800.0
2018-11-06,4860.0
2018-11-07,4920.0
2018-11-08,4880.0
2018-11-09,4800.0
2018-11-10,4810.0
2018-11-11,4820.0
2018-11-12,4830.0
2018-11-13,4740.0
2018-11-14,4815.0
2018-11-15,4855.0
2018-11-16,4870.0
2018-11-17,4913.333333333333
2018-11-18,4956.666666666667
2018-11-19,5000.0
2018-11-20,5000.0
2018-11-21,5000.0
2018-11-22,4940.0
2018-11-23,5060.0
2018-11-24,5026.666666666667
2018-11-25,4993.333333333333
2018-11-26,4960.0
2018-11-27,5040.0
2018-11-28,5125.0
2018-11-29,5100.0
2018-11-30,5240.0
2018-12-01,5231.666666666667
2018-12-02,5223.333333333333
2018-12-03,5215.0
2018-12-04,5160.0
2018-12-05,5120.0
2018-12-06,5170.0
2018-12-07,5190.0
2018-12-08,5166.666666666667
2018-12-09,5143.333333333333
2018-12-10,5120.0
2018-12-11,5130.0
2018-12-12,5190.0
2018-12-13,5200.0
2018-12-14,5160.0
2018-12-15,5168.333333333333
2018-12-16,5176.666666666667
2018-12-17,5185.0
2018-12-18,5100.0
2018-12-19,5040.0
2018-12-20,5120.0
2018-12-21,5040.0
2018-12-22,5066.0
2018-12-23,5092.0
2018-12-24,5118.0
2018-12-25,5144.0
2018-12-26,5170.0
2018-12-27,5240.0
2018-12-28,5195.0
2018-12-29,5196.0
2018-12-30,5197.0
2018-12-31,5198.0
2019-01-01,5199.0
2019-01-02,5200.0
2019-01-03,5200.0
2019-01-04,5175.0
2019-01-05,5205.0
2019-01-06,5235.0
2019-01-07,5265.0
2019-01-08,5230.0
2019-01-09,5300.0
2019-01-10,5300.0
2019-01-11,5280.0
2019-01-12,5260.0
2019-01-13,5240.0
2019-01-14,5220.0
2019-01-15,5230.0
2019-01-16,5260.0
2019-01-17,5290.0
2019-01-18,5340.0
2019-01-19,5368.333333333333
2019-01-20,5396.666666666667
2019-01-21,5425.0
2019-01-22,5600.0
2019-01-23,5600.0
2019-01-24,5430.0
2019-01-25,5400.0
2019-01-26,5438.333333333333
2019-01-27,5476.666666666667
2019-01-28,5515.0
2019-01-29,5445.0
2019-01-30,5560.0
2019-01-31,5520.0
2019-02-01,5680.0
2019-02-02,5665.0
2019-02-03,5650.0
2019-02-04,5635.0
2019-02-05,5567.5
2019-02-06,5500.0
2019-02-07,5535.0
2019-02-08,5530.0
2019-02-09,5526.666666666667
2019-02-10,5523.333333333333
2019-02-11,5520.0
2019-02-12,5530.0
2019-02-13,5460.0
2019-02-14,5405.0
2019-02-15,5360.0
2019-02-16,5376.666666666667
2019-02-17,5393.333333333333
2019-02-18,5410.0
2019-02-19,5420.0
2019-02-20,5450.0
2019-02-21,5540.0
2019-02-22,5475.0
2019-02-23,5480.0
2019-02-24,5485.0
2019-02-25,5490.0
2019-02-26,5500.0
2019-02-27,5565.0
2019-02-28,5570.0
2019-03-01,5565.0
2019-03-02,5550.0
2019-03-03,5535.0
2019-03-04,5520.0
2019-03-05,5500.0
2019-03-06,5555.0
2019-03-07,5550.0
2019-03-08,5545.0
2019-03-09,5540.0
2019-03-10,5535.0
2019-03-11,5530.0
2019-03-12,5540.0
2019-03-13,5450.0
2019-03-14,5450.0
2019-03-15,5520.0
2019-03-16,5531.666666666667
2019-03-17,5543.333333333333
2019-03-18,5555.0
2019-03-19,5540.0
2019-03-20,5540.0
2019-03-21,5490.0
2019-03-22,5465.0
2019-03-23,5456.666666666667
2019-03-24,5448.333333333333
2019-03-25,5440.0
2019-03-26,5480.0
2019-03-27,5510.0
2019-03-28,5460.0
2019-03-29,5515.0
2019-03-30,5526.666666666667
2019-03-31,5538.333333333333
2019-04-01,5550.0
2019-04-02,5530.0
2019-04-03,5535.0
2019-04-04,5540.0
2019-04-05,5560.0
2019-04-06,5541.666666666667
2019-04-07,5523.333333333333
2019-04-08,5505.0
2019-04-09,5535.0
2019-04-10,5550.0
2019-04-11,5560.0
2019-04-12,5460.0
2019-04-13,5493.333333333333
2019-04-14,5526.666666666667
2019-04-15,5560.0
2019-04-16,5495.0
2019-04-17,5547.5
2019-04-18,5600.0
2019-04-19,5606.25
2019-04-20,5612.5
2019-04-21,5618.75
2019-04-22,5625.0
2019-04-23,5680.0
2019-04-24,5640.0
2019-04-25,5535.0
2019-04-26,5585.0
2019-04-27,5593.333333333333
2019-04-28,5601.666666666667
2019-04-29,5610.0
2019-04-30,5670.0
2019-05-01,5735.0
2019-05-02,5800.0
2019-05-03,5680.0
2019-05-04,5653.333333333333
2019-05-05,5626.666666666667
2019-05-06,5600.0
2019-05-07,5675.0
2019-05-08,5600.0
2019-05-09,5700.0
2019-05-10,5610.0
2019-05-11,5633.333333333333
2019-05-12,5656.666666666667
2019-05-13,5680.0
2019-05-14,5560.0
2019-05-15,5555.0
2019-05-16,5460.0
2019-05-17,5280.0
2019-05-18,5246.666666666667
2019-05-19,5213.333333333333
2019-05-20,5180.0
2019-05-21,5470.0
2019-05-22,5530.0
2019-05-23,5440.0
2019-05-24,5610.0
2019-05-25,5585.0
2019-05-26,5560.0
2019-05-27,5535.0
2019-05-28,5655.0
2019-05-29,5800.0
2019-05-30,5770.0
2019-05-31,5740.0
2019-06-01,5766.0
2019-06-02,5792.0
2019-06-03,5818.0
2019-06-04,5844.0
2019-06-05,5870.0
2019-06-06,5896.0
2019-06-07,5922.0
2019-06-08,5948.0
2019-06-09,5974.0
2019-06-10,6000.0
2019-06-11,5900.0
2019-06-12,5840.0
2019-06-13,5885.0
2019-06-14,5845.0
2019-06-15,5833.333333333333
2019-06-16,5821.666666666667
2019-06-17,5810.0
2019-06-18,5795.0
2019-06-19,5900.0
2019-06-20,5900.0
2019-06-21,5910.0
2019-06-22,5905.0
2019-06-23,5900.0
2019-06-24,5895.0
2019-06-25,5930.0
2019-06-26,5940.0
2019-06-27,5850.0
2019-06-28,5980.0
2019-06-29,5985.0
2019-06-30,5990.0
2019-07-01,5995.0
2019-07-02,5990.0
2019-07-03,5950.0
2019-07-04,6000.0
2019-07-05,6020.0
2019-07-06,5991.666666666667
2019-07-07,5963.333333333333
2019-07-08,5935.0
2019-07-09,5870.0
2019-07-10,6000.0
2019-07-11,6020.0
2019-07-12,6000.0
2019-07-13,6020.0
2019-07-14,6040.0
2019-07-15,6060.0
2019-07-16,6080.0
2019-07-17,6080.0
2019-07-18,6100.0
2019-07-19,6195.0
2019-07-20,6216.666666666667
2019-07-21,6238.333333333333
2019-07-22,6260.0
2019-07-23,6240.0
2019-07-24,6260.0
2019-07-25,6270.0
2019-07-26,6250.0
2019-07-27,6240.0
2019-07-28,6230.0
2019-07-29,6220.0
2019-07-30,6205.0
2019-07-31,6190.0
2019-08-01,6190.0
2019-08-02,6160.0
2019-08-03,6178.333333333333
2019-08-04,6196.666666666667
2019-08-05,6215.0
2019-08-06,5880.0
2019-08-07,5975.0
2019-08-08,6010.0
2019-08-09,6055.0
2019-08-10,6060.0
2019-08-11,6065.0
2019-08-12,6070.0
2019-08-13,6000.0
2019-08-14,6040.0
2019-08-15,5920.0
2019-08-16,6040.0
2019-08-17,6036.666666666667
2019-08-18,6033.333333333333
2019-08-19,6030.0
2019-08-20,6035.0
2019-08-21,6000.0
2019-08-22,5925.0
2019-08-23,5920.0
2019-08-24,5926.666666666667
2019-08-25,5933.333333333333
2019-08-26,5940.0
2019-08-27,6040.0
2019-08-28,6000.0
2019-08-29,5990.0
2019-08-30,6080.0
2019-08-31,6086.666666666667
2019-09-01,6093.333333333333
2019-09-02,6100.0
2019-09-03,6000.0
2019-09-04,6060.0
2019-09-05,6085.0
2019-09-06,6060.0
2019-09-07,6056.666666666667
2019-09-08,6053.333333333333
2019-09-09,6050.0
2019-09-10,6020.0
2019-09-11,6050.0
2019-09-12,6100.0
2019-09-13,6080.0
2019-09-14,6053.333333333333
2019-09-15,6026.666666666667
2019-09-16,6000.0
2019-09-17,5990.0
2019-09-18,5990.0
2019-09-19,6015.0
2019-09-20,6050.0
2019-09-21,6043.333333333333
2019-09-22,6036.666666666667
2019-09-23,6030.0
2019-09-24,5980.0
2019-09-25,5900.0
2019-09-26,6000.0
2019-09-27,6005.0
2019-09-28,6026.666666666667
2019-09-29,6048.333333333333
2019-09-30,6070.0
2019-10-01,6010.0
2019-10-02,6010.0
2019-10-03,6010.0
2019-10-04,5980.0
2019-10-05,6010.0
2019-10-06,6040.0
2019-10-07,6070.0
2019-10-08,6080.0
2019-10-09,6100.0
2019-10-10,6020.0
2019-10-11,6080.0
2019-10-12,6096.666666666667
2019-10-13,6113.333333333333
2019-10-14,6130.0
2019-10-15,6190.0
2019-10-16,6200.0
2019-10-17,6185.0
2019-10-18,6160.0
2019-10-19,6173.333333333333
2019-10-20,6186.666666666667
2019-10-21,6200.0
2019-10-22,6270.0
2019-10-23,6300.0
2019-10-24,6290.0
2019-10-25,6320.0
2019-10-26,6280.0
2019-10-27,6240.0
2019-10-28,6200.0
2019-10-29,6205.0
2019-10-30,6280.0
2019-10-31,6270.0
2019-11-01,6300.0
2019-11-02,6316.666666666667
2019-11-03,6333.333333333333
2019-11-04,6350.0
2019-11-05,6350.0
2019-11-06,6380.0
2019-11-07,6335.0
2019-11-08,6315.0
2019-11-09,6321.666666666667
2019-11-10,6328.333333333333
2019-11-11,6335.0
2019-11-12,6220.0
2019-11-13,6265.0
2019-11-14,6265.0
2019-11-15,6280.0
2019-11-16,6268.333333333333
2019-11-17,6256.666666666667
2019-11-18,6245.0
2019-11-19,6330.0
2019-11-20,6255.0
2019-11-21,6350.0
2019-11-22,6280.0
2019-11-23,6296.666666666667
2019-11-24,6313.333333333333
2019-11-25,6330.0
2019-11-26,6330.0
2019-11-27,6270.0
2019-11-28,6295.0
2019-11-29,6230.0
2019-11-30,6246.666666666667
2019-12-01,6263.333333333333
2019-12-02,6280.0
2019-12-03,6420.0
2019-12-04,6360.0
2019-12-05,6360.0
2019-12-06,6340.0
2019-12-07,6350.0
2019-12-08,6360.0
2019-12-09,6370.0
2019-12-10,6395.0
2019-12-11,6365.0
2019-12-12,6400.0
2019-12-13,6395.0
2019-12-14,6376.666666666667
2019-12-15,6358.333333333333
2019-12-16,6340.0
2019-12-17,6395.0
2019-12-18,6500.0
2019-12-19,6700.0
2019-12-20,6680.0
2019-12-21,6680.0
2019-12-22,6680.0
2019-12-23,6680.0
2019-12-24,6673.333333333333
2019-12-25,6666.666666666667
2019-12-26,6660.0
2019-12-27,6670.0
2019-12-28,6673.333333333333
2019-12-29,6676.666666666667
2019-12-30,6680.0
2019-12-31,6685.0
2020-01-01,6690.0
2020-01-02,6695.0
2020-01-03,6750.0
2020-01-04,6740.0
2020-01-05,6730.0
2020-01-06,6720.0
2020-01-07,6735.0
2020-01-08,6670.0
2020-01-09,6740.0
2020-01-10,6765.0
2020-01-11,6756.666666666667
2020-01-12,6748.333333333333
2020-01-13,6740.0
2020-01-14,6745.0
2020-01-15,6870.0
2020-01-16,6805.0
2020-01-17,6840.0
2020-01-18,6876.666666666667
2020-01-19,6913.333333333333
2020-01-20,6950.0
2020-01-21,6885.0
2020-01-22,6855.0
2020-01-23,6885.0
2020-01-24,6820.0
2020-01-25,6835.0
2020-01-26,6850.0
2020-01-27,6865.0
2020-01-28,6835.0
2020-01-29,6800.0
2020-01-30,6845.0
2020-01-31,6800.0
2020-02-01,6693.333333333333
2020-02-02,6586.666666666667
2020-02-03,6480.0
2020-02-04,6570.0
2020-02-05,6780.0
2020-02-06,6740.0
2020-02-07,6710.0
2020-02-08,6726.666666666667
2020-02-09,6743.333333333333
2020-02-10,6760.0
2020-02-11,6785.0
2020-02-12,6800.0
2020-02-13,6820.0
2020-02-14,6780.0
2020-02-15,6746.666666666667
2020-02-16,6713.333333333333
2020-02-17,6680.0
2020-02-18,6685.0
2020-02-19,6665.0
2020-02-20,6690.0
2020-02-21,6600.0
2020-02-22,6588.333333333333
2020-02-23,6576.666666666667
2020-02-24,6565.0
2020-02-25,6550.0
2020-02-26,6500.0
2020-02-27,6470.0
2020-02-28,6200.0
2020-02-29,6230.0
2020-03-01,6260.0
2020-03-02,6290.0
2020-03-03,6200.0
2020-03-04,6315.0
2020-03-05,6540.0
2020-03-06,6350.0
2020-03-07,6233.333333333333
2020-03-08,6116.666666666667
2020-03-09,6000.0
2020-03-10,5840.0
2020-03-11,5950.0
2020-03-12,5600.0
2020-03-13,5560.0
2020-03-14,5593.333333333333
2020-03-15,5626.666666666667
2020-03-16,5660.0
2020-03-17,5495.0
2020-03-18,5120.0
2020-03-19,4995.0
2020-03-20,4600.0
2020-03-21,4653.333333333333
2020-03-22,4706.666666666667
2020-03-23,4760.0
2020-03-24,4450.0
2020-03-25,4550.0
2020-03-26,4650.0
2020-03-27,5360.0
2020-03-28,5400.0
2020-03-29,5440.0
2020-03-30,5480.0
2020-03-31,5660.0
2020-04-01,5560.0
2020-04-02,5470.0
2020-04-03,5460.0
2020-04-04,5480.0
2020-04-05,5500.0
2020-04-06,5520.0
2020-04-07,5735.0
2020-04-08,5655.0
2020-04-09,5600.0
2020-04-10,5585.0
2020-04-11,5570.0
2020-04-12,5555.0
2020-04-13,5540.0
2020-04-14,5505.0
2020-04-15,5515.0
2020-04-16,5485.0
2020-04-17,5300.0
2020-04-18,5343.333333333333
2020-04-19,5386.666666666667
2020-04-20,5430.0
2020-04-21,5355.0
2020-04-22,5160.0
2020-04-23,5180.0
2020-04-24,5120.0
2020-04-25,5060.0
2020-04-26,5000.0
2020-04-27,4940.0
2020-04-28,4960.0
2020-04-29,4825.0
2020-04-30,4880.0
2020-05-01,4947.5
2020-05-02,5015.0
2020-05-03,5082.5
2020-05-04,5150.0
2020-05-05,5220.0
2020-05-06,5315.0
2020-05-07,5330.0
2020-05-08,5345.0
2020-05-09,5311.666666666667
2020-05-10,5278.333333333333
2020-05-11,5245.0
2020-05-12,5340.0
2020-05-13,5160.0
2020-05-14,5070.0
2020-05-15,4920.0
2020-05-16,4880.0
2020-05-17,4840.0
2020-05-18,4800.0
2020-05-19,4840.0
2020-05-20,4720.0
2020-05-21,4729.166666666667
2020-05-22,4738.333333333333
2020-05-23,4747.5
2020-05-24,4756.666666666667
2020-05-25,4765.833333333333
2020-05-26,4775.0
2020-05-27,4970.0
2020-05-28,5000.0
2020-05-29,5295.0
2020-05-30,5286.25
2020-05-31,5277.5
2020-06-01,5268.75
2020-06-02,5260.0
2020-06-03,5410.0
2020-06-04,5780.0
2020-06-05,5790.0
2020-06-06,5778.333333333333
2020-06-07,5766.666666666667
2020-06-08,5755.0
2020-06-09,5940.0
2020-06-10,5800.0
2020-06-11,5750.0
2020-06-12,5680.0
2020-06-13,5680.0
2020-06-14,5680.0
2020-06-15,5680.0
2020-06-16,5580.0
2020-06-17,5800.0
2020-06-18,5720.0
2020-06-19,5600.0
2020-06-20,5598.333333333333
2020-06-21,5596.666666666667
2020-06-22,5595.0
2020-06-23,5570.0
2020-06-24,5650.0
2020-06-25,5700.0
2020-06-26,5720.0
2020-06-27,5693.333333333333
2020-06-28,5666.666666666667
2020-06-29,5640.0
2020-06-30,5700.0
2020-07-01,5700.0
2020-07-02,5775.0
2020-07-03,5870.0
2020-07-04,5866.666666666667
2020-07-05,5863.333333333333
2020-07-06,5860.0
2020-07-07,5940.0
2020-07-08,5990.0
2020-07-09,6210.0
2020-07-10,6100.0
2020-07-11,6143.333333333333
2020-07-12,6186.666666666667
2020-07-13,6230.0
2020-07-14,6175.0
2020-07-15,6200.0
2020-07-16,6150.0
2020-07-17,6135.0
2020-07-18,6130.0
2020-07-19,6125.0
2020-07-20,6120.0
2020-07-21,6100.0
2020-07-22,6210.0
2020-07-23,6180.0
2020-07-24,6200.0
2020-07-25,6166.666666666667
2020-07-26,6133.333333333333
2020-07-27,6100.0
2020-07-28,6120.0
2020-07-29,6185.0
2020-07-30,6135.0
2020-07-31,6156.25
2020-08-01,6177.5
2020-08-02,6198.75
2020-08-03,6220.0
2020-08-04,6155.0
2020-08-05,6200.0
2020-08-06,6215.0
2020-08-07,6265.0
2020-08-08,6236.666666666667
2020-08-09,6208.333333333333
2020-08-10,6180.0
2020-08-11,6140.0
2020-08-12,6175.0
2020-08-13,6260.0
2020-08-14,6300.0
2020-08-15,6326.25
2020-08-16,6352.5
2020-08-17,6378.75
2020-08-18,6405.0
2020-08-19,6360.0
2020-08-20,6356.0
2020-08-21,6352.0
2020-08-22,6348.0
2020-08-23,6344.0
2020-08-24,6340.0
2020-08-25,6320.0
2020-08-26,6385.0
2020-08-27,6365.0
2020-08-28,6560.0
2020-08-29,6540.0
2020-08-30,6520.0
2020-08-31,6500.0
2020-09-01,6280.0
2020-09-02,6520.0
2020-09-03,6465.0
2020-09-04,6450.0
2020-09-05,6411.666666666667
2020-09-06,6373.333333333333
2020-09-07,6335.0
2020-09-08,6285.0
2020-09-09,6300.0
2020-09-10,6220.0
2020-09-11,5800.0
2020-09-12,5866.666666666667
2020-09-13,5933.333333333333
2020-09-14,6000.0
2020-09-15,6040.0
2020-09-16,5860.0
2020-09-17,5750.0
2020-09-18,5700.0
2020-09-19,5680.0
2020-09-20,5660.0
2020-09-21,5640.0
2020-09-22,5520.0
2020-09-23,5450.0
2020-09-24,5430.0
2020-09-25,5480.0
2020-09-26,5536.666666666667
2020-09-27,5593.333333333333
2020-09-28,5650.0
2020-09-29,5575.0
2020-09-30,5565.0
2020-10-01,5485.0
2020-10-02,5560.0
2020-10-03,5545.0
2020-10-04,5530.0
2020-10-05,5515.0
2020-10-06,5630.0
2020-10-07,5600.0
2020-10-08,5790.0
2020-10-09,5750.0
2020-10-10,5780.0
2020-10-11,5810.0
2020-10-12,5840.0
2020-10-13,5840.0
2020-10-14,5840.0
2020-10-15,5875.0
2020-10-16,5785.0
2020-10-17,5773.333333333333
2020-10-18,5761.666666666667
2020-10-19,5750.0
2020-10-20,5880.0
2020-10-21,5860.0
2020-10-22,5740.0
2020-10-23,5840.0
2020-10-24,5801.666666666667
2020-10-25,5763.333333333333
2020-10-26,5725.0
2020-10-27,5815.0
2020-10-28,5805.833333333333
2020-10-29,5796.666666666667
2020-10-30,5787.5
2020-10-31,5778.333333333333
2020-11-01,5769.166666666667
2020-11-02,5760.0
2020-11-03,5840.0
2020-11-04,5900.0
2020-11-05,5900.0
2020-11-06,6160.0
2020-11-07,6206.666666666667
2020-11-08,6253.333333333333
2020-11-09,6300.0
2020-11-10,6395.0
2020-11-11,6540.0
2020-11-12,6410.0
2020-11-13,6420.0
2020-11-14,6441.666666666667
2020-11-15,6463.333333333333
2020-11-16,6485.0
2020-11-17,6500.0
2020-11-18,6550.0
2020-11-19,6520.0
2020-11-20,6640.0
2020-11-21,6626.666666666667
2020-11-22,6613.333333333333
2020-11-23,6600.0
2020-11-24,6600.0
2020-11-25,6580.0
2020-11-26,6350.0
2020-11-27,6480.0
2020-11-28,6448.333333333333
2020-11-29,6416.666666666667
2020-11-30,6385.0
2020-12-01,6220.0
2020-12-02,6460.0
2020-12-03,6500.0
2020-12-04,6460.0
2020-12-05,6473.333333333333
2020-12-06,6486.666666666667
2020-12-07,6500.0
2020-12-08,6520.0
2020-12-09,6555.0
2020-12-10,6590.0
2020-12-11,6600.0
2020-12-12,6666.666666666667
2020-12-13,6733.333333333333
2020-12-14,6800.0
2020-12-15,6830.0
2020-12-16,6860.0
2020-12-17,6965.0
2020-12-18,6935.0
2020-12-19,6920.0
2020-12-20,6905.0
2020-12-21,6890.0
2020-12-22,6740.0
2020-12-23,6905.0
2020-12-24,6882.0
2020-12-25,6859.0
2020-12-26,6836.0
2020-12-27,6813.0
2020-12-28,6790.0
2020-12-29,6775.0
2020-12-30,6800.0
2020-12-31,6800.0
2021-01-01,6800.0
2021-01-02,6800.0
2021-01-03,6800.0
2021-01-04,6800.0
2021-01-05,6860.0
2021-01-06,7050.0
2021-01-07,7000.0
2021-01-08,7035.0
2021-01-09,7073.333333333333
2021-01-10,7111.666666666667
2021-01-11,7150.0
2021-01-12,7345.0
2021-01-13,7245.0
2021-01-14,7050.0
2021-01-15,7095.0
2021-01-16,7048.333333333333
2021-01-17,7001.666666666667
2021-01-18,6955.0
2021-01-19,7120.0
2021-01-20,7165.0
2021-01-21,7280.0
2021-01-22,7075.0
2021-01-23,7116.666666666667
2021-01-24,7158.333333333333
2021-01-25,7200.0
2021-01-26,6955.0
2021-01-27,6820.0
2021-01-28,6790.0
2021-01-29,6900.0
2021-01-30,6853.333333333333
2021-01-31,6806.666666666667
2021-02-01,6760.0
2021-02-02,6965.0
2021-02-03,7000.0
2021-02-04,6920.0
2021-02-05,6870.0
2021-02-06,6930.0
2021-02-07,6990.0
2021-02-08,7050.0
2021-02-09,7000.0
2021-02-10,7050.0
2021-02-11,6985.0
2021-02-12,6946.25
2021-02-13,6907.5
2021-02-14,6868.75
2021-02-15,6830.0
2021-02-16,6880.0
2021-02-17,6890.0
2021-02-18,6850.0
2021-02-19,6780.0
2021-02-20,6820.0
2021-02-21,6860.0
2021-02-22,6900.0
2021-02-23,6820.0
2021-02-24,6825.0
2021-02-25,6740.0
2021-02-26,6705.0
2021-02-27,6746.666666666667
2021-02-28,6788.333333333333
2021-03-01,6830.0
2021-03-02,7120.0
2021-03-03,7065.0
2021-03-04,6905.0
2021-03-05,6720.0
2021-03-06,6796.666666666667
2021-03-07,6873.333333333333
2021-03-08,6950.0
2021-03-09,6700.0
2021-03-10,6720.0
2021-03-11,6797.5
2021-03-12,6875.0
2021-03-13,6855.0
2021-03-14,6835.0
2021-03-15,6815.0
2021-03-16,6710.0
2021-03-17,6650.0
2021-03-18,6620.0
2021-03-19,6770.0
2021-03-20,6726.666666666667
2021-03-21,6683.333333333333
2021-03-22,6640.0
2021-03-23,6720.0
2021-03-24,6515.0
2021-03-25,6400.0
2021-03-26,6370.0
2021-03-27,6383.333333333333
2021-03-28,6396.666666666667
2021-03-29,6410.0
2021-03-30,6370.0
2021-03-31,6390.0
2021-04-01,6215.0
2021-04-02,6223.75
2021-04-03,6232.5
2021-04-04,6241.25
2021-04-05,6250.0
2021-04-06,6135.0
2021-04-07,6155.0
2021-04-08,6200.0
2021-04-09,6315.0
2021-04-10,6308.333333333333
2021-04-11,6301.666666666667
2021-04-12,6295.0
2021-04-13,6050.0
2021-04-14,6105.0
2021-04-15,6305.0
2021-04-16,6370.0
2021-04-17,6338.333333333333
2021-04-18,6306.666666666667
2021-04-19,6275.0
2021-04-20,6200.0
2021-04-21,6200.0
2021-04-22,6200.0
2021-04-23,6280.0
2021-04-24,6318.333333333333
2021-04-25,6356.666666666667
2021-04-26,6395.0
2021-04-27,6370.0
2021-04-28,6400.0
2021-04-29,6460.0
2021-04-30,6450.0
2021-05-01,6460.0
2021-05-02,6470.0
2021-05-03,6480.0
2021-05-04,6350.0
2021-05-05,6420.0
2021-05-06,6400.0
2021-05-07,6460.0
2021-05-08,6440.0
2021-05-09,6420.0
2021-05-10,6400.0
2021-05-11,6400.0
2021-05-12,6416.666666666667
2021-05-13,6433.333333333333
2021-05-14,6450.0
2021-05-15,6466.666666666667
2021-05-16,6483.333333333333
2021-05-17,6500.0
2021-05-18,6400.0
2021-05-19,6380.0
2021-05-20,6390.0
2021-05-21,6450.0
2021-05-22,6418.333333333333
2021-05-23,6386.666666666667
2021-05-24,6355.0
2021-05-25,6300.0
2021-05-26,6370.0
2021-05-27,6440.0
2021-05-28,6330.0
2021-05-29,6340.0
2021-05-30,6350.0
2021-05-31,6360.0
2021-06-01,6430.0
2021-06-02,6500.0
2021-06-03,6495.0
2021-06-04,6620.0
2021-06-05,6600.0
2021-06-06,6580.0
2021-06-07,6560.0
2021-06-08,6575.0
2021-06-09,6360.0
2021-06-10,6555.0
2021-06-11,6570.0
2021-06-12,6553.333333333333
2021-06-13,6536.666666666667
2021-06-14,6520.0
2021-06-15,6445.0
2021-06-16,6420.0
2021-06-17,6390.0
2021-06-18,6300.0
2021-06-19,6300.0
2021-06-20,6300.0
2021-06-21,6300.0
2021-06-22,6250.0
2021-06-23,6295.0
2021-06-24,6310.0
2021-06-25,6230.0
2021-06-26,6186.666666666667
2021-06-27,6143.333333333333
2021-06-28,6100.0
2021-06-29,6050.0
2021-06-30,6000.0
2021-07-01,6060.0
2021-07-02,6070.0
2021-07-03,6080.0
2021-07-04,6090.0
2021-07-05,6100.0
2021-07-06,6110.0
2021-07-07,6180.0
2021-07-08,6000.0
2021-07-09,6010.0
2021-07-10,6030.0
2021-07-11,6050.0
2021-07-12,6070.0
2021-07-13,6170.0
2021-07-14,6020.0
2021-07-15,6000.0
2021-07-16,6170.0
2021-07-17,6150.0
2021-07-18,6130.0
2021-07-19,6110.0
2021-07-20,6080.0
2021-07-21,6050.0
2021-07-22,6115.0
2021-07-23,6180.0
2021-07-24,6133.333333333333
2021-07-25,6086.666666666667
2021-07-26,6040.0
2021-07-27,6005.0
2021-07-28,6005.0
2021-07-29,6055.0
2021-07-30,6040.0
2021-07-31,6046.666666666667
2021-08-01,6053.333333333333
2021-08-02,6060.0
2021-08-03,6025.0
2021-08-04,6145.0
2021-08-05,6170.0
2021-08-06,6360.0
2021-08-07,6285.0
2021-08-08,6210.0
2021-08-09,6135.0
2021-08-10,6250.0
2021-08-11,6185.0
2021-08-12,6120.0
2021-08-13,6350.0
2021-08-14,6373.333333333333
2021-08-15,6396.666666666667
2021-08-16,6420.0
2021-08-17,6470.0
2021-08-18,6520.0
2021-08-19,6600.0
2021-08-20,6600.0
2021-08-21,6571.666666666667
2021-08-22,6543.333333333333
2021-08-23,6515.0
2021-08-24,6570.0
2021-08-25,6600.0
2021-08-26,6560.0
2021-08-27,6490.0
2021-08-28,6503.333333333333
2021-08-29,6516.666666666667
2021-08-30,6530.0
2021-08-31,6520.0
2021-09-01,6550.0
2021-09-02,6525.0
2021-09-03,6560.0
2021-09-04,6573.333333333333
2021-09-05,6586.666666666667
2021-09-06,6600.0
2021-09-07,6595.0
2021-09-08,6550.0
2021-09-09,6410.0
2021-09-10,6495.0
2021-09-11,6516.666666666667
2021-09-12,6538.333333333333
2021-09-13,6560.0
2021-09-14,6590.0
2021-09-15,6545.0
2021-09-16,6580.0
2021-09-17,6490.0
2021-09-18,6516.666666666667
2021-09-19,6543.333333333333
2021-09-20,6570.0
2021-09-21,6510.0
2021-09-22,6500.0
2021-09-23,6555.0
2021-09-24,6500.0
2021-09-25,6528.333333333333
2021-09-26,6556.666666666667
2021-09-27,6585.0
2021-09-28,6540.0
2021-09-29,6520.0
2021-09-30,6600.0
2021-10-01,6900.0
2021-10-02,6846.666666666667
2021-10-03,6793.333333333333
2021-10-04,6740.0
2021-10-05,6910.0
2021-10-06,6980.0
2021-10-07,7175.0
2021-10-08,7200.0
2021-10-09,7213.333333333333
2021-10-10,7226.666666666667
2021-10-11,7240.0
2021-10-12,7255.0
2021-10-13,7400.0
2021-10-14,7600.0
2021-10-15,7800.0
2021-10-16,7750.0
2021-10-17,7700.0
2021-10-18,7650.0
2021-10-19,7475.0
2021-10-20,7487.5
2021-10-21,7500.0
2021-10-22,7450.0
2021-10-23,7433.333333333333
2021-10-24,7416.666666666667
2021-10-25,7400.0
2021-10-26,7600.0
2021-10-27,7575.0
2021-10-28,7350.0
2021-10-29,7450.0
2021-10-30,7483.333333333333
2021-10-31,7516.666666666667
2021-11-01,7550.0
2021-11-02,7375.0
2021-11-03,7300.0
2021-11-04,7425.0
2021-11-05,7475.0
2021-11-06,7483.333333333333
2021-11-07,7491.666666666667
2021-11-08,7500.0
2021-11-09,7600.0
2021-11-10,7675.0
2021-11-11,7700.0
2021-11-12,7750.0
2021-11-13,7708.333333333333
2021-11-14,7666.666666666667
2021-11-15,7625.0
2021-11-16,7400.0
2021-11-17,7500.0
2021-11-18,7425.0
2021-11-19,7425.0
2021-11-20,7425.0
2021-11-21,7425.0
2021-11-22,7425.0
2021-11-23,7400.0
2021-11-24,7575.0
2021-11-25,7450.0
2021-11-26,7400.0
2021-11-27,7358.333333333333
2021-11-28,7316.666666666667
2021-11-29,7275.0
2021-11-30,7325.0
2021-12-01,7275.0
2021-12-02,7375.0
2021-12-03,7525.0
2021-12-04,7500.0
2021-12-05,7475.0
2021-12-06,7450.0
2021-12-07,7450.0
2021-12-08,7450.0
2021-12-09,7400.0
2021-12-10,7325.0
2021-12-11,7341.666666666667
2021-12-12,7358.333333333333
2021-12-13,7375.0
2021-12-14,7300.0
2021-12-15,7300.0
2021-12-16,7375.0
2021-12-17,7325.0
2021-12-18,7333.333333333333
2021-12-19,7341.666666666667
2021-12-20,7350.0
2021-12-21,7325.0
2021-12-22,7425.0
2021-12-23,7325.0
2021-12-24,7300.0
2021-12-25,7300.0
2021-12-26,7300.0
2021-12-27,7300.0
2021-12-28,7375.0
2021-12-29,7350.0
2021-12-30,7350.0
2021-12-31,7343.75
2022-01-01,7337.5
2022-01-02,7331.25
2022-01-03,7325.0
2022-01-04,7325.0
2022-01-05,7450.0
2022-01-06,7500.0
2022-01-07,7550.0
2022-01-08,7558.333333333333
2022-01-09,7566.666666666667
2022-01-10,7575.0
2022-01-11,7650.0
2022-01-12,7700.0
2022-01-13,7700.0
2022-01-14,7700.0
2022-01-15,7766.666666666667
2022-01-16,7833.333333333333
2022-01-17,7900.0
2022-01-18,7775.0
2022-01-19,7650.0
2022-01-20,7725.0
2022-01-21,7775.0
2022-01-22,7791.666666666667
2022-01-23,7808.333333333333
2022-01-24,7825.0
2022-01-25,7675.0
2022-01-26,7700.0
2022-01-27,7625.0
2022-01-28,7800.0
2022-01-29,7791.666666666667
2022-01-30,7783.333333333333
2022-01-31,7775.0
2022-02-01,7775.0
2022-02-02,7775.0
2022-02-03,7800.0
2022-02-04,7750.0
2022-02-05,7758.333333333333
2022-02-06,7766.666666666667
2022-02-07,7775.0
2022-02-08,7750.0
2022-02-09,7850.0
2022-02-10,7950.0
2022-02-11,7675.0
2022-02-12,7700.0
2022-02-13,7725.0
2022-02-14,7750.0
2022-02-15,7750.0
2022-02-16,7850.0
2022-02-17,7850.0
2022-02-18,7950.0
2022-02-19,7941.666666666667
2022-02-20,7933.333333333333
2022-02-21,7925.0
2022-02-22,7900.0
2022-02-23,7900.0
2022-02-24,8125.0
2022-02-25,7950.0
2022-02-26,7962.5
2022-02-27,7975.0
2022-02-28,7987.5
2022-03-01,8000.0
2022-03-02,8225.0
2022-03-03,8100.0
2022-03-04,7975.0
2022-03-05,7916.666666666667
2022-03-06,7858.333333333333
2022-03-07,7800.0
2022-03-08,7700.0
2022-03-09,7700.0
2022-03-10,7925.0
2022-03-11,7725.0
2022-03-12,7833.333333333333
2022-03-13,7941.666666666667
2022-03-14,8050.0
2022-03-15,8150.0
2022-03-16,8275.0
2022-03-17,8300.0
2022-03-18,8000.0
2022-03-19,7933.333333333333
2022-03-20,7866.666666666667
2022-03-21,7800.0
2022-03-22,7900.0
2022-03-23,7925.0
2022-03-24,7850.0
2022-03-25,7900.0
2022-03-26,7875.0
2022-03-27,7850.0
2022-03-28,7825.0
2022-03-29,7875.0
2022-03-30,7900.0
2022-03-31,7925.0
2022-04-01,8075.0
2022-04-02,8025.0
2022-04-03,7975.0
2022-04-04,7925.0
2022-04-05,7900.0
2022-04-06,7825.0
2022-04-07,7725.0
2022-04-08,7800.0
2022-04-09,7808.333333333333
2022-04-10,7816.666666666667
2022-04-11,7825.0
2022-04-12,7725.0
2022-04-13,7800.0
2022-04-14,7800.0
2022-04-15,7775.0
2022-04-16,7750.0
2022-04-17,7725.0
2022-04-18,7700.0
2022-04-19,7700.0
2022-04-20,7725.0
2022-04-21,7800.0
2022-04-22,7850.0
2022-04-23,7858.333333333333
2022-04-24,7866.666666666667
2022-04-25,7875.0
2022-04-26,7925.0
2022-04-27,8075.0
2022-04-28,8250.0
2022-04-29,8215.90909090909
2022-04-30,8181.818181818182
2022-05-01,8147.727272727273
2022-05-02,8113.636363636364
2022-05-03,8079.545454545455
2022-05-04,8045.454545454545
2022-05-05,8011.363636363636
2022-05-06,7977.272727272727
2022-05-07,7943.181818181818
2022-05-08,7909.090909090909
2022-05-09,7875.0
2022-05-10,7250.0
2022-05-11,7525.0
2022-05-12,7525.0
2022-05-13,7250.0
2022-05-14,7256.25
2022-05-15,7262.5
2022-05-16,7268.75
2022-05-17,7275.0
2022-05-18,7500.0
2022-05-19,7400.0
2022-05-20,7425.0
2022-05-21,7433.333333333333
2022-05-22,7441.666666666667
2022-05-23,7450.0
2022-05-24,7325.0
2022-05-25,7400.0
2022-05-26,7462.5
2022-05-27,7525.0
2022-05-28,7541.666666666667
2022-05-29,7558.333333333333
2022-05-30,7575.0
2022-05-31,7600.0
2022-06-01,7612.5
2022-06-02,7625.0
2022-06-03,7600.0
2022-06-04,7583.333333333333
2022-06-05,7566.666666666667
2022-06-06,7550.0
2022-06-07,7300.0
2022-06-08,7500.0
2022-06-09,7500.0
2022-06-10,7400.0
2022-06-11,7366.666666666667
2022-06-12,7333.333333333333
2022-06-13,7300.0
2022-06-14,7300.0
2022-06-15,7300.0
2022-06-16,7400.0
2022-06-17,7425.0
2022-06-18,7483.333333333333
2022-06-19,7541.666666666667
2022-06-20,7600.0
2022-06-21,7600.0
2022-06-22,7625.0
2022-06-23,7450.0
2022-06-24,7600.0
2022-06-25,7558.333333333333
2022-06-26,7516.666666666667
2022-06-27,7475.0
2022-06-28,7300.0
2022-06-29,7325.0
2022-06-30,7300.0
2022-07-01,7300.0
2022-07-02,7283.333333333333
2022-07-03,7266.666666666667
2022-07-04,7250.0
2022-07-05,7100.0
2022-07-06,7300.0
2022-07-07,7225.0
2022-07-08,7125.0
2022-07-09,7150.0
2022-07-10,7175.0
2022-07-11,7200.0
2022-07-12,7175.0
2022-07-13,7100.0
2022-07-14,7025.0
2022-07-15,7100.0
2022-07-16,7075.0
2022-07-17,7050.0
2022-07-18,7025.0
2022-07-19,7100.0
2022-07-20,7200.0
2022-07-21,7400.0
2022-07-22,7400.0
2022-07-23,7383.333333333333
2022-07-24,7366.666666666667
2022-07-25,7350.0
2022-07-26,7250.0
2022-07-27,7325.0
2022-07-28,7375.0
2022-07-29,7400.0
2022-07-30,7383.333333333333
2022-07-31,7366.666666666667
2022-08-01,7350.0
2022-08-02,7600.0
2022-08-03,7625.0
2022-08-04,7675.0
2022-08-05,7825.0
2022-08-06,7841.666666666667
2022-08-07,7858.333333333333
2022-08-08,7875.0
2022-08-09,7875.0
2022-08-10,7800.0
2022-08-11,7850.0
2022-08-12,7925.0
2022-08-13,7933.333333333333
2022-08-14,7941.666666666667
2022-08-15,7950.0
2022-08-16,7950.0
2022-08-17,7925.0
2022-08-18,7900.0
2022-08-19,8050.0
2022-08-20,7983.333333333333
2022-08-21,7916.666666666667
2022-08-22,7850.0
2022-08-23,8000.0
2022-08-24,7950.0
2022-08-25,8000.0
2022-08-26,8025.0
2022-08-27,8016.666666666667
2022-08-28,8008.333333333333
2022-08-29,8000.0
2022-08-30,8100.0
2022-08-31,8075.0
2022-09-01,8150.0
2022-09-02,8150.0
2022-09-03,8175.0
2022-09-04,8200.0
2022-09-05,8225.0
2022-09-06,8300.0
2022-09-07,8250.0
2022-09-08,8400.0
2022-09-09,8500.0
2022-09-10,8441.666666666666
2022-09-11,8383.333333333334
2022-09-12,8325.0
2022-09-13,8375.0
2022-09-14,8375.0
2022-09-15,8500.0
2022-09-16,8700.0
2022-09-17,8625.0
2022-09-18,8550.0
2022-09-19,8475.0
2022-09-20,8550.0
2022-09-21,8525.0
2022-09-22,8375.0
2022-09-23,8375.0
2022-09-24,8316.666666666666
2022-09-25,8258.333333333334
2022-09-26,8200.0
2022-09-27,8375.0
2022-09-28,8250.0
2022-09-29,8325.0
2022-09-30,8375.0
2022-10-01,8400.0
2022-10-02,8425.0
2022-10-03,8450.0
2022-10-04,8525.0
2022-10-05,8525.0
2022-10-06,8475.0
2022-10-07,8325.0
2022-10-08,8266.666666666666
2022-10-09,8208.333333333334
2022-10-10,8150.0
2022-10-11,8200.0
2022-10-12,8200.0
2022-10-13,8275.0
2022-10-14,8300.0
2022-10-15,8283.333333333334
2022-10-16,8266.666666666666
2022-10-17,8250.0
2022-10-18,8275.0
2022-10-19,8250.0
2022-10-20,8250.0
2022-10-21,8450.0
2022-10-22,8550.0
2022-10-23,8650.0
2022-10-24,8750.0
2022-10-25,8825.0
2022-10-26,8625.0
2022-10-27,8550.0
2022-10-28,8650.0
2022-10-29,8716.666666666666
2022-10-30,8783.333333333334
2022-10-31,8850.0
2022-11-01,9000.0
2022-11-02,8800.0
2022-11-03,8700.0
2022-11-04,8775.0
2022-11-05,8758.333333333334
2022-11-06,8741.666666666666
2022-11-07,8725.0
2022-11-08,8850.0
2022-11-09,8675.0
2022-11-10,8725.0
2022-11-11,8900.0
2022-11-12,8891.666666666666
2022-11-13,8883.333333333334
2022-11-14,8875.0
2022-11-15,8775.0
2022-11-16,8625.0
2022-11-17,8625.0
2022-11-18,8725.0
2022-11-19,8775.0
2022-11-20,8825.0
2022-11-21,8875.0
2022-11-22,8900.0
2022-11-23,8900.0
2022-11-24,8975.0
2022-11-25,9000.0
2022-11-26,9016.666666666666
2022-11-27,9033.333333333334
2022-11-28,9050.0
2022-11-29,8975.0
2022-11-30,8875.0
2022-12-01,9275.0
2022-12-02,8900.0
2022-12-03,8866.666666666666
2022-12-04,8833.333333333334
2022-12-05,8800.0
2022-12-06,8725.0
2022-12-07,8500.0
2022-12-08,8375.0
2022-12-09,8500.0
2022-12-10,8508.333333333334
2022-12-11,8516.666666666666
2022-12-12,8525.0
2022-12-13,8625.0
2022-12-14,8600.0
2022-12-15,8575.0
2022-12-16,8425.0
2022-12-17,8500.0
2022-12-18,8575.0
2022-12-19,8650.0
2022-12-20,8550.0
2022-12-21,8600.0
2022-12-22,8650.0
2022-12-23,8525.0
2022-12-24,8516.666666666666
2022-12-25,8508.333333333334
2022-12-26,8500.0
2022-12-27,8600.0
2022-12-28,8650.0
2022-12-29,8525.0
2022-12-30,8575.0
2022-12-31,8575.0
2023-01-01,8575.0
2023-01-02,8575.0
2023-01-03,8550.0
2023-01-04,8525.0
2023-01-05,8350.0
2023-01-06,8100.0
2023-01-07,8175.0
2023-01-08,8250.0
2023-01-09,8325.0
2023-01-10,8400.0
2023-01-11,8050.0
2023-01-12,8150.0
2023-01-13,8150.0
2023-01-14,8116.666666666667
2023-01-15,8083.333333333333
2023-01-16,8050.0
2023-01-17,8175.0
2023-01-18,8200.0
2023-01-19,8350.0
2023-01-20,8275.0
2023-01-21,8281.25
2023-01-22,8287.5
2023-01-23,8293.75
2023-01-24,8300.0
2023-01-25,8300.0
2023-01-26,8225.0
2023-01-27,8700.0
2023-01-28,8708.333333333334
2023-01-29,8716.666666666666
2023-01-30,8725.0
2023-01-31,8625.0
2023-02-01,8575.0
2023-02-02,8425.0
2023-02-03,8550.0
2023-02-04,8616.666666666666
2023-02-05,8683.333333333334
2023-02-06,8750.0
2023-02-07,8775.0
2023-02-08,8825.0
2023-02-09,8825.0
2023-02-10,8875.0
2023-02-11,8875.0
2023-02-12,8875.0
2023-02-13,8875.0
2023-02-14,8850.0
2023-02-15,8875.0
2023-02-16,8825.0
2023-02-17,8775.0
2023-02-18,8758.333333333334
2023-02-19,8741.666666666666
2023-02-20,8725.0
2023-02-21,8775.0
2023-02-22,8700.0
2023-02-23,8625.0
2023-02-24,8775.0
2023-02-25,8741.666666666666
2023-02-26,8708.333333333334
2023-02-27,8675.0
2023-02-28,8775.0
2023-03-01,8725.0
2023-03-02,8600.0
2023-03-03,8650.0
2023-03-04,8616.666666666666
2023-03-05,8583.333333333334
2023-03-06,8550.0
2023-03-07,8350.0
2023-03-08,8400.0
2023-03-09,8650.0
2023-03-10,8500.0
2023-03-11,8483.333333333334
2023-03-12,8466.666666666666
2023-03-13,8450.0
2023-03-14,8425.0
2023-03-15,8450.0
2023-03-16,8300.0
2023-03-17,8375.0
2023-03-18,8383.333333333334
2023-03-19,8391.666666666666
2023-03-20,8400.0
2023-03-21,8400.0
2023-03-22,8500.0
2023-03-23,8600.0
2023-03-24,8700.0
2023-03-25,8741.666666666666
2023-03-26,8783.333333333334
2023-03-27,8825.0
2023-03-28,8800.0
2023-03-29,8675.0
2023-03-30,8900.0
2023-03-31,8825.0
2023-04-01,8825.0
2023-04-02,8825.0
2023-04-03,8825.0
2023-04-04,8825.0
2023-04-05,8775.0
2023-04-06,8700.0
2023-04-07,8706.25
2023-04-08,8712.5
2023-04-09,8718.75
2023-04-10,8725.0
2023-04-11,8825.0
2023-04-12,8900.0
2023-04-13,8950.0
2023-04-14,9000.0
2023-04-15,9008.333333333334
2023-04-16,9016.666666666666
2023-04-17,9025.0
2023-04-18,9050.0
2023-04-19,9059.375
2023-04-20,9068.75
2023-04-21,9078.125
2023-04-22,9087.5
2023-04-23,9096.875
2023-04-24,9106.25
2023-04-25,9115.625
2023-04-26,9125.0
2023-04-27,9100.0
2023-04-28,9100.0
2023-04-29,9100.0
2023-04-30,9100.0
2023-05-01,9100.0
2023-05-02,9100.0
2023-05-03,9050.0
2023-05-04,8925.0
2023-05-05,9000.0
2023-05-06,9000.0
2023-05-07,9000.0
2023-05-08,9000.0
2023-05-09,8950.0
2023-05-10,8925.0
2023-05-11,8900.0
2023-05-12,8750.0
2023-05-13,8791.666666666666
2023-05-14,8833.333333333334
2023-05-15,8875.0
2023-05-16,8800.0
2023-05-17,8775.0
2023-05-18,8837.5
2023-05-19,8900.0
2023-05-20,8933.333333333334
2023-05-21,8966.666666666666
2023-05-22,9000.0
2023-05-23,9050.0
2023-05-24,9200.0
2023-05-25,9100.0
2023-05-26,9175.0
2023-05-27,9200.0
2023-05-28,9225.0
2023-05-29,9250.0
2023-05-30,9200.0
2023-05-31,9300.0
2023-06-01,9270.0
2023-06-02,9240.0
2023-06-03,9210.0
2023-06-04,9180.0
2023-06-05,9150.0
2023-06-06,9050.0
2023-06-07,9125.0
2023-06-08,9075.0
2023-06-09,9175.0
2023-06-10,9166.666666666666
2023-06-11,9158.333333333334
2023-06-12,9150.0
2023-06-13,9175.0
2023-06-14,9100.0
2023-06-15,9100.0
2023-06-16,9100.0
2023-06-17,9066.666666666666
2023-06-18,9033.333333333334
2023-06-19,9000.0
2023-06-20,9025.0
2023-06-21,9050.0
2023-06-22,9125.0
2023-06-23,9025.0
2023-06-24,9025.0
2023-06-25,9025.0
2023-06-26,9025.0
2023-06-27,9050.0
2023-06-28,9045.833333333334
2023-06-29,9041.666666666666
2023-06-30,9037.5
2023-07-01,9033.333333333334
2023-07-02,9029.166666666666
2023-07-03,9025.0
2023-07-04,9150.0
2023-07-05,9050.0
2023-07-06,9050.0
2023-07-07,9025.0
2023-07-08,9050.0
2023-07-09,9075.0
2023-07-10,9100.0
2023-07-11,9100.0
2023-07-12,9075.0
2023-07-13,9200.0
2023-07-14,9175.0
2023-07-15,9183.333333333334
2023-07-16,9191.666666666666
2023-07-17,9200.0
2023-07-18,9200.0
2023-07-19,9200.0
2023-07-20,9200.0
2023-07-21,9150.0
2023-07-22,9166.666666666666
2023-07-23,9183.333333333334
2023-07-24,9200.0
2023-07-25,9175.0
2023-07-26,9175.0
2023-07-27,9400.0
2023-07-28,9200.0
2023-07-29,9191.666666666666
2023-07-30,9183.333333333334
2023-07-31,9175.0
2023-08-01,9175.0
2023-08-02,9125.0
2023-08-03,9150.0
2023-08-04,9250.0
2023-08-05,9216.666666666666
2023-08-06,9183.333333333334
2023-08-07,9150.0
2023-08-08,9275.0
2023-08-09,9275.0
2023-08-10,9400.0
2023-08-11,9425.0
2023-08-12,9391.666666666666
2023-08-13,9358.333333333334
2023-08-14,9325.0
2023-08-15,9325.0
2023-08-16,9275.0
2023-08-17,9262.5
2023-08-18,9250.0
2023-08-19,9241.666666666666
2023-08-20,9233.333333333334
2023-08-21,9225.0
2023-08-22,9150.0
2023-08-23,9300.0
2023-08-24,9250.0
2023-08-25,9200.0
2023-08-26,9216.666666666666
2023-08-27,9233.333333333334
2023-08-28,9250.0
2023-08-29,9275.0
2023-08-30,9300.0
2023-08-31,9200.0
2023-09-01,9200.0
2023-09-02,9208.333333333334
2023-09-03,9216.666666666666
2023-09-04,9225.0
2023-09-05,9250.0
2023-09-06,9200.0
2023-09-07,9125.0
2023-09-08,9100.0
2023-09-09,9091.666666666666
2023-09-10,9083.333333333334
2023-09-11,9075.0
2023-09-12,9100.0
2023-09-13,9050.0
2023-09-14,9000.0
2023-09-15,9050.0
2023-09-16,9050.0
2023-09-17,9050.0
2023-09-18,9050.0
2023-09-19,9000.0
2023-09-20,9125.0
2023-09-21,9125.0
2023-09-22,9125.0
2023-09-23,9108.333333333334
2023-09-24,9091.666666666666
2023-09-25,9075.0
2023-09-26,9000.0
2023-09-27,8900.0
2023-09-28,8862.5
2023-09-29,8825.0
2023-09-30,8850.0
2023-10-01,8875.0
2023-10-02,8900.0
2023-10-03,9075.0
2023-10-04,9200.0
2023-10-05,9200.0
2023-10-06,9100.0
2023-10-07,9075.0
2023-10-08,9050.0
2023-10-09,9025.0
2023-10-10,9000.0
2023-10-11,8925.0
2023-10-12,9000.0
2023-10-13,9100.0
2023-10-14,9108.333333333334
2023-10-15,9116.666666666666
2023-10-16,9125.0
2023-10-17,9050.0
2023-10-18,8925.0
2023-10-19,8825.0
2023-10-20,8725.0
2023-10-21,8775.0
2023-10-22,8825.0
2023-10-23,8875.0
2023-10-24,8775.0
2023-10-25,8825.0
2023-10-26,8925.0
2023-10-27,8725.0
2023-10-28,8716.666666666666
2023-10-29,8708.333333333334
2023-10-30,8700.0
2023-10-31,8800.0
2023-11-01,8750.0
2023-11-02,8725.0
2023-11-03,8925.0
2023-11-04,8941.666666666666
2023-11-05,8958.333333333334
2023-11-06,8975.0
2023-11-07,9000.0
2023-11-08,8950.0
2023-11-09,8900.0
2023-11-10,8950.0
2023-11-11,8925.0
2023-11-12,8900.0
2023-11-13,8875.0
2023-11-14,8900.0
2023-11-15,8975.0
2023-11-16,9050.0
2023-11-17,9025.0
2023-11-18,9008.333333333334
2023-11-19,8991.666666666666
2023-11-20,8975.0
2023-11-21,8825.0
2023-11-22,8775.0
2023-11-23,8850.0
2023-11-24,8925.0
2023-11-25,8916.666666666666
2023-11-26,8908.333333333334
2023-11-27,8900.0
2023-11-28,8875.0
2023-11-29,8900.0
2023-11-30,8925.0
2023-12-01,8925.0
2023-12-02,8933.333333333334
2023-12-03,8941.666666666666
2023-12-04,8950.0
2023-12-05,8950.0
2023-12-06,8850.0
2023-12-07,8750.0
2023-12-08,8800.0
2023-12-09,8758.333333333334
2023-12-10,8716.666666666666
2023-12-11,8675.0
2023-12-12,8700.0
2023-12-13,8700.0
2023-12-14,8775.0
2023-12-15,9125.0
2023-12-16,9150.0
2023-12-17,9175.0
2023-12-18,9200.0
2023-12-19,9125.0
2023-12-20,9250.0
2023-12-21,9300.0
2023-12-22,9275.0
2023-12-23,9295.0
2023-12-24,9315.0
2023-12-25,9335.0
2023-12-26,9355.0
2023-12-27,9375.0
2023-12-28,9325.0
2023-12-29,9425.0
2023-12-30,9425.0
2023-12-31,9425.0
2024-01-01,9425.0
